,Nom officiel,Nom propre,Continent,Sous-continent,Population(habitants (2020)),Croissance démographique(% / an),Superficie(km²),Densité(habitants / km²),PIB(milliards $USD (2017)),PIB/habitant,Croissance du PIB(% / an (2018)),Espérance de vie(ans (2019)),Taux de natalité(‰ (2019)),Indice de fécondité(enfants / femme (2019)),Taux de mortalité(‰ (2019)),Taux de mortalité infantile(‰ (2019)),"Taux d""alphabétisation(% (2020))",Langues officielles,Monnaie,IDH(/ 1 (2018)),IPE,"Nature de l""État","Chef de l""État",Fête nationale,Codes ISO,Gentilé,Touristes
Abkhazie,République d'Abkhazie,Аҧсны Аҳәынҭқарра,Asie,Asie de l'Ouest,246 313,"0,49",8 653,"28,47","0,336",1 372,"4,80","0,00",NaN,NaN,NaN,NaN,NaN,"Abkhaze, géorgien, russe","Apsar abkhaze, Rouble russe",NaN,NaN,République,Président Raul Khadjimba,23 juillet,",","Abkhaze, Abkhazienne, Abkhazien",1 000 000
Açores,Région autonome des Açores,Região Autónoma dos Açores,Europe,Union Européenne,243 862,"-0,39",2 322,"105,02","4,220 ",17 398,"2,00","77,45","9,40","1,25","9,40","3,50","9 568,00",Portugais,Euro,NaN,NaN,République,Président Marcelo Rebelo de Sousa,10 juin,",","Açoréenne, Açoréen, Portugaise, Portugais",1 487 428
Afghanistan,République islamique d'Afghanistan,د أفغانستان اسلامي جمهوریت,Asie,Asie centrale,34 233 212,"6,23",652 864,"52,44","19,363 ",521,"1,00","64,50","34,22","4,84","8,23","66,30","38,16",Dari,Afghani,"0,496","37,74",République islamique,Président Ashraf Ghani,19 août,"AF, AFG",Afghan,20 000
Afrique du Sud,République d'Afrique du Sud,Republiek van Suid-Afrika,Afrique,Afrique Australe,57 725 606,"2,13",1 219 912,"47,32","366,298 ",6 340,"0,60","63,90","21,30","2,41","9,00","32,80","99,03","Zoulou, afrikaans, anglais",Rand,"0,705","44,73","République unitaire parlementaire, régime présidentiel",Président Cyril Ramaphosa,27 avril,"ZA, ZAF","Sud-Africaine, Sud-Africain",10 285 000
Albanie,République d'Albanie,Republika e Shqipërisë,Europe,Europe,2 870 324,"-0,22",28 748,"99,84","15,059 ",5 254,"4,00","78,55","11,00","1,51","7,40","8,00","99,03",Albanais,Lek,"0,791","65,46",République,Président Ilir Meta,28 novembre,"AL, ALB","Albanaise, Albanais",5 375 174
Algérie,République algérienne démocratique et populaire,الجمهورية الجزائرية الديمقراطية الشعبية,Afrique,Afrique du Nord,43 820 839,"1,90",2 381 741,"18,40","180,689 ",4 279,"2,10","77,80","23,80","3,00","4,55","21,00","78,00","Arabe, Tamazight",Dinar algérien,"0,759","57,18",République,Président Abdelmadjid Tebboune,1er novembre,"DZ, DZA","Algérienne, Algérien",2 451 000
Allemagne,République Fédérale d'Allemagne,Bundesrepublik Deutschland,Europe,Union Européenne,83 042 235,"0,30",357 386,"232,36","3 996,759 ",48 196,"1,40","81,20","8,40","1,59","11,10","2,20","100,00",Allemand,Euro,"0,939","78,37",République constitutionnelle parlementaire fédérale,Président Frank-Walter Steinmeier  Chancelière Angela Merkel,3 octobre,"DE, DEU","Allemande, Allemand",37 452 000
Andorre,Principauté d'Andorre,Principat d'Andorra,Europe,Europe,76 522,"2,31",468,"163,51","3,237 ",42 030,"1,60","89,14","8,67","1,19","4,24","2,10","100,00",Catalan,Euro,"0,857",NaN,Coprincipauté parlementaire,Coprince français Emmanuel Macron,8 septembre,"AD, AND","Andorranne, Andorran",2 999 722
Angola,République d'Angola,República de Angola,Afrique,Afrique Australe,29 131 016,"2,72",1 281 432,"22,73","105,751 ",3 432,"-2,10","60,80","43,40","6,20","11,30","44,00","72,93",Portugais,Kwanza,"0,574","37,44","République présidentielle, régime autoritaire",Président João Lourenço,11 novembre,"AO, AGO","Angolaise, Angolais",397 000
Anguilla,Anguilla,Anguilla,Amériques,Antilles,15 174,"0,86",91,"166,75","0,311 ",21 493,"6,20","80,65","13,02","1,75","4,36","3,52","99,00",Anglais,Dollar de la Caraïbe orientale,"0,865 / 1",NaN,Territoire britannique d'outre-mer,Reine Élisabeth II  Gouverneur Tim Foy,30 mai,"AI, AIA","Anguillaise, Anguillais",68 000
Antarctique,Antarctique,Antarctique,Antarctique,Antarctique,1 500,"0,00",14 107 637,"0,00","0,000 ",0,"0,00","0,00",NaN,NaN,NaN,NaN,"100,00","Anglais, français, russe, espagnol, portugais",NaN,NaN,NaN,Territoire international régi par le traité de l'Antarctique,,,"AQ, ATA",,37 000
Antigua-et-Barbuda,Antigua-et-Barbuda,Antigua and Barbuda,Amériques,Antilles,104 084,"1,00",277,"375,75","1,624 ",16 864,"4,90","76,90","15,80","2,01","5,70","12,50","99,00",Anglais,Dollar de la Caraïbe orientale,"0,776","59,18",Monarchie,Reine Élisabeth II  Gouverneur général Rodney Williams,1er novembre,"AG, ATG","Antiguaise, Antiguais",247 000
Antilles néerlandaises,Antilles néerlandaises,Nederlandse Antillen,Amériques,Antilles,230 304,"0,69",960,"239,90","0,000 ",11 400,"-3,90","77,04","13,91","1,96","6,61","8,61","96,30",Néerlandais,Florin des Antilles néerlandaises,NaN,NaN,"Monarchie unitaire, parlementaire",Roi Willem-Alexander,1er novembre,"AN, ANT","Néerlandaise, Néerlandais",NAN
Arabie saoudite,Royaume d'Arabie saoudite,المملكة العربية السعودية  Al-Mamlakah Al-ʾĀrabīyah As-Saʿūdīyah,Asie,Asie de l'Ouest,33 413 660,"2,46",2 149 690,"15,54","782,483 ",23 219,"2,20","75,00","21,50","2,00","3,50","6,30","99,22",Arabe,Riyal saoudien,"0,857","57,47","Monarchie islamique absolue, régime autoritaire",Roi Salmane ben Abdelaziz al-Saoud,23 septembre,"SA, SAU","Saoudienne, Saoudien",16 109 000
Argentine,République d'Argentine,República Argentina,Amériques,Amérique du Sud,45 376 763,"0,97",2 780 400,"16,32","518,475 ",11 653,"-2,50","78,07","16,33","2,18","6,96","8,39","99,30",Espagnol,Peso argentin,"0,830","59,30",République fédérale,Président Alberto Fernández,25 mai,"AR, ARG","Argentine, Argentin",6 705 000
Arménie,République d'Arménie,Հայաստանի Հանրապետություն,Asie,Asie de l'Ouest,2 959 245,"-0,21",29 743,"99,49","12,433 ",4 212,"5,20","74,90","12,20","1,60","8,90","6,20","99,65",Arménien,Dram,"0,760","62,07",République parlementaire,Président Armen Sarkissian,21 septembre,"AM, ARM","Arménienne, Arménien",1 894 377
Artsakh (Haut-Karabakh),République d'Artsakh,Արցախ,Asie,Asie de l'Ouest,147 906,"0,62",11 433,"12,94","0,562",3 821,"15,60","75,20","15,90",NaN,"8,40","6,40","100,00",Arménien,Dram artsakhtsi  dram arménien,NaN,"62,07",République,Président Bako Sahakian,2 septembre,",","Artsakhtsi, Karabaghiote",NAN
Aruba,Aruba,Aruba,Amériques,Antilles,111 673,"0,53",180,"620,41","2,701",25 630,"1,30","76,91","11,39","1,84","6,22","11,00","99,41","Néerlandais, papiamento",Florin d'Aruba,"0,908 / 1",NaN,"Monarchie unitaire, parlementaire",Roi Willem-Alexander,27 avril,"AW, ABW","Arubéenne, Arubéen",1 071 000
Australie,Commonwealth d'Australie,Commonwealth of Australia,Océanie,Océanie,25 105 503,"1,60",7 688 485,"3,27","1 432,195 ",57 305,"2,80","83,30","12,80","1,79","6,50","3,10","100,00",Anglais,Dollar australien,"0,938","74,12","État fédéral, monarchie constitutionnelle","Gouverneur général Peter Cosgrove, représentant de la reine Élisabeth II",26 janvier,"AU, AUS","Australienne, Australien",8 815 000
Autriche,République d'Autriche,Republik Österreich,Europe,Union Européenne,8 822 267,"0,56",83 879,"105,18","455,737 ",51 513,"2,70","81,40","9,60","1,49","9,20","2,90","100,00",Allemand,Euro,"0,914","78,97",République fédérale,Président fédéral Alexandre Van der Bellen,26 octobre,"AT, AUT","Autrichienne, Autrichien",29 460 000
Azerbaïdjan,République d'Azerbaïdjan,Azərbaycan Respublikası,Asie,Asie de l'Ouest,10 095 894,"0,29",86 573,"116,62","46,940 ",4 721,"1,40","72,90","16,20","2,10","5,70","11,00","99,96",Azéri,Manat,"0,754","62,33",République présidentielle,Président Ilham Aliyev,18 octobre,"AZ, AZE","Azerbaïdjanaise, Azerbaïdjanais",2 454 000
Bahamas,Commonwealth des Bahamas,Commonwealth of the Bahamas,Amériques,Antilles,399 421,"0,83",13 962,"28,61","12,162",31 858,"1,40","73,80","10,70","1,42","6,30","17,20","99,00",Anglais,Dollar bahaméen,"0,805","54,99",Monarchie constitutionnelle,Reine Élisabeth II  Gouverneur général Cornelius A. Smith,10 juillet,"BS, BHS","Bahaméenne, Bahaméen",6 135 839
Bahreïn,Royaume du Bahreïn,مملكة البحرين - Mamlakat al-Baḥrayn,Asie,Asie de l'Ouest,1 592 087,"5,75",778,"2 046,38","37,746 ",24 051,"1,80","77,20","15,86","2,10","2,05","7,60","99,77",Arabe,Dinar bahreïni,"0,838","55,15",Monarchie constitutionnelle,Roi Hamad ben Issa al-Khalifa,16 décembre,"BH, BHR","Bahreïnienne, Bahreïnien",4 372 000
Bangladesh,République Populaire du Bangladesh,গণপ্রজাতন্ত্রী বাংলাদেশ - Gônoprojatontri Bangladesh,Asie,Asie du Sud,173 548 302,"2,77",147 570,"1 176,04","274,025 ",1 698,"7,90","72,30","22,07","2,50","5,67","47,30","61,55",Bengali,Taka,"0,614","29,56",République parlementaire,Président Abdul Hamid,26 mars,"BD, BGD","Bengalis, Bangladaise, Bangladais",125 000
Barbade,Barbade,Barbados,Amériques,Antilles,285 389,"0,34",431,"662,16","4,673",16 328,"1,00","79,10","11,80","1,68","8,50","10,50","99,90",Anglais,Dollar barbadien,"0,813","55,76",Monarchie constitutionnelle,Reine Élisabeth II  Gouverneure générale Dame Sandra Mason,30 novembre,"BB, BRB","Barbadienne, Barbadien",664 000
Bélarus (Biélorussie),République de Biélorussie,Рэспубліка Беларусь,Europe,Europe,9 408 405,"-0,71",207 605,"45,32","59,662 ",6 290,"3,00","74,60","9,30","1,62","12,80","2,40","99,84","Biélorusse, Russe",Rouble biélorusse,"0,817","64,98",République,Président Alexandre Loukachenko,27 juillet,"BY, BLR",Biélorusse,2 000 000
Belgique,Royaume de Belgique,"Royaume de Belgique, Koninkrijk België",Europe,Union Européenne,11 431 406,"0,49",30 688,"372,50","531,767 ",46 556,"1,40","81,50","10,50","1,64","9,60","3,30","100,00","Néerlandais, Français, Allemand",Euro,"0,919","77,38","Monarchie parlementaire, État fédéral",Roi Philippe,21 juillet,"BE, BEL",Belge,8 358 000
Belize,Belize,Belize,Amériques,Amérique centrale,398 050,"2,62",22 966,"17,33","1,925 ",5 025,"3,00","74,50","24,30","2,90","6,00","9,30","88,61",Anglais,Dollar du Belize,"0,720","57,79",Monarchie constitutionnelle et démocratie parlementaire,Reine Élisabeth II  Gouverneur général Sir Colville Young,21 septembre,"BZ, BLZ","Bélizienne, Bélizien",427 000
Bénin,République du Bénin,Bénin,Afrique,Afrique subsaharienne,11 496 140,"2,77",114 763,"100,17","10,359 ",902,"6,90","61,50","36,40","4,80","8,50","68,10","52,55",Français,Franc CFA,"0,520","38,17",République,Président Patrice Talon,1er août,"BJ, BEN","Béninoise, Béninois",267 000
Bermudes,Bermudes,Bermuda,Amériques,Amérique du Nord,61 592,"-0,05",53,"1 162,11","5,574 ",85 748,"-2,50","81,88","9,81","1,59","8,44","3,40","100,00",Anglais,Dollar Bermudien,"0,981 / 1",NaN,Territoire d'outre-mer du Royaume-Uni,Reine Élisabeth II  Gouverneur John Rankin,Dernier vendredi de mai,"BM, BMU","Bermudienne, Bermudien",642 400
Bhoutan,Royaume du Bhoutan,Druk Yul - འབྲུག་རྒྱལ་ཁབ་,Asie,Asie du Sud,2 788 599,"1,52",38 394,"72,63","2,535 ",3 360,"2,30","71,50","17,50","1,93","6,60","33,90","71,40",Dzongkha,Ngultrum,"0,617","47,22",Monarchie constitutionelle parlementaire,Roi Jigme Khesar Namgyel Wangchuck,17 décembre,"BT, BTN","Bhoutanaise, Bhoutanais",255 000
Bolivie,État plurinational de Bolivie,Estado Plurinacional de Bolivia,Amériques,Amérique du Sud,11 523 705,"1,45",1 098 581,"10,49","40,288 ",3 549,"4,22","71,20","22,34","2,80","5,98","30,39","99,40",Espagnol,Boliviano,"0,703","55,98",République parlementaire,Présidente Jeanine Áñez,6 août,"BO, BOL","Bolivienne, Bolivien",959 000
Bosnie-et-Herzégovine,Bosnie-et-Herzégovine,Bosna i Hercegovina,Europe,Europe,3 482 041,"-0,28",51 209,"68,00","19,782 ",5 951,"3,10","77,30","8,80","1,26","9,90","5,60","97,18","Bosnien, croate, serbe",Mark convertible,"0,769","41,84",République fédérale,Présidence collégiale,21 novembre,"BA, BIH","Bosnienne, Bosnien",922 000
Botswana,République du Botswana,Lefatshe la Botswana,Afrique,Afrique Australe,2 325 082,"1,78",581 726,"4,00","18,616 ",8 259,"4,50","69,30","24,80","2,69","5,67","20,80","88,46","Tswana, anglais",Pula,"0,728","51,70",République,Président Mokgweetsi Masisi,30 septembre,"BW, BWA","Botswanaise, Botswanais",1 660 202
Brésil,République fédérative du Brésil,República Federativa do Brasil,Amériques,Amérique du Sud,210 301 591,"0,84",8 515 759,"24,70","1 868,626 ",8 921,"1,10","75,72","13,87","1,77","6,11","12,35","93,00",Portugais,Réal,"0,761","60,70",République fédérale,Président Jair Bolsonaro,7 septembre,"BR, BRA","Brésilienne, Brésilien",6 589 000
Brunei,Sultanat de Brunei Darussalam,Negara Brunei Darussalam,Asie,Asie du Sud-Est,425 383,"0,97",5 765,"73,79","13,567 ",31 628,"0,10","75,70","15,30","1,80","4,00","9,30","95,98","Malais, anglais",Dollar de Brunei,"0,845","63,57",Monarchie absolue islamique de droit divin,Sultan et Yang di-Pertuan Hassanal Bolkiah,23 février,"BN, BRN","Brunéienne, Brunéien",259 000
Bulgarie,République de Bulgarie,Република България,Europe,Union Européenne,7 050 034,"-0,74",110 912,"63,56","65,133 ",9 273,"3,10","74,90","9,10","1,54","15,10","6,50","98,00",Bulgare,Nouveau lev,"0,816","67,85",République,Président Roumen Radev,22 septembre,"BG, BGR",Bulgare,8 883 000
Burkina Faso,Burkina Faso,Burkina Faso,Afrique,Afrique subsaharienne,20 870 060,"3,05",270 764,"77,08","14,442 ",731,"6,51","61,20","40,02","5,52","9,56","50,90","52,51",Français,Franc CFA,"0,434","42,83",République,Président Roch Marc Christian Kaboré,11 décembre,"BF, BFA",Burkinabè,143 000
Burundi,République du Burundi,Republika y'Uburundi,Afrique,Afrique de l'Est,11 759 805,"2,40",27 834,"422,50","3,078 ",275,"1,60","61,20","37,90","5,50","11,31","47,00","87,62","Français, kirundi, anglais",Franc burundais,"0,423","27,43","République unitaire, laïque et démocratique",Président Évariste Ndayishimiye,1er juillet,"BI, BDI","Burundaise, Burundais",187 000
Caïmans,Îles Caïmans,Cayman Islands,Amériques,Antilles,64 420,"3,35",267,"241,27","3,571",56 334,"3,00","81,53","9,90","1,84","3,40","1,40","100,00",Anglais,Dollar des Îles Caïmans,"0,888 / 1",NaN,Territoire d'outre-mer du Royaume-Uni,Reine Élisabeth II  Gouverneur Martyn Roper,1er juillet,"KY, CYM","Caïmanienne, Caïmanien",418 400
Cambodge,Royaume du Cambodge,Preăhréachéanachâkr Kâmpŭchéa - ព្រះរាជាណាចក្រកម្ពុជា,Asie,Asie du Sud-Est,15 288 489,"1,28",181 035,"84,45","24,572 ",1 512,"7,50","69,60","23,30","2,56","6,05","25,10","79,80",Khmer,Riel,"0,581","43,23",Monarchie constitutionnelle,Roi Norodom Sihamoni,9 novembre,"KH, KHM","Cambodgienne, Cambodgien",5 602 000
Cameroun,République du Cameroun,Cameroun,Afrique,Afrique subsaharienne,23 799 022,"2,37",475 650,"50,03","38,502 ",1 527,"3,90","58,90","31,93","4,00","11,51","58,51","80,57","Français, anglais",Franc CFA,"0,563","40,81",République parlementaire,Président Paul Biya,20 mai,"CM, CMR","Camerounaise, Camerounais",912 000
Canada,Canada,Canada,Amériques,Amérique du Nord,38 222 378,"1,56",9 984 670,"3,83","1 709,327 ",46 125,"1,90","82,30","10,60","1,49","7,40","4,70","100,00","Français, anglais",Dollar,"0,922","72,18","Monarchie constitutionnelle, démocratie parlementaire",Gouverneure générale Julie Payette  Reine Élisabeth II  Premier ministre Justin Trudeau,1er juillet,"CA, CAN","Canadienne, Canadien",22 141 939
Canaries,Îles Canaries,Islas Canarias,Afrique,Afrique du Nord,2 108 121,"1,57",7 447,"283,08","49,996",23 100,"3,10","82,71","7,24","1,33","7,04","2,67","100,00",Espagnol,Euro,NaN,NaN,Communauté autonome d'Espagne,Roi Felipe VI,12 octobre,"IC,","Canarienne, Canarien. Espagnole, Espagnol",13 114 300
Cap-Vert,République du Cap-Vert,República de Cabo Verde,Afrique,Afrique subsaharienne,544 081,"1,19",4 033,"134,91","1,987 ",3 654,"5,50","76,20","19,89","2,29","4,90","21,40","98,34",Portugais,Escudo cap-verdien,"0,651","56,94",République,Président Jorge Carlos Fonseca,5 juillet,"CV, CPV","Cap-Verdienne, Cap-Verdien",668 000
Chagos,Archipel des Chagos,Chagos Archipelago,Afrique,Afrique de l'Est,4 239,"0,00",56,"75,70","0,000 ",0,"0,00","0,00",NaN,NaN,NaN,NaN,"100,00",Anglais,Livre sterling,NaN,NaN,Territoire britannique de l'océan Indien,Reine Élisabeth II  Commissionnaire Ben Merrick,,"IO, IOT","Chagossienne, Chagossien",NAN
Chili,République du Chili,República de Chile,Amériques,Amérique du Sud,19 107 216,"1,90",756 950,"25,24","298,231 ",15 923,"4,00","80,40","12,30","1,60","6,00","7,20","97,51",Espagnol,Peso,"0,847","57,49",République présidentielle,Président Sebastián Piñera,18 septembre,"CL, CHL","Chilienne, Chilien",6 450 000
Chine,République populaire de Chine,Zhōnghuá Rénmín Gònghéguó - 中华人民共和国,Asie,Asie de l'Est,1 401 501 343,"0,53",9 596 961,"146,04","13 608,152 ",9 771,"6,60","76,70","10,48","1,60","7,11","6,77","95,15",Chinois,Yuan,"0,758","50,74",République socialiste unitaire et multinationale,Président Xi Jinping,1er octobre,"CN, CHN","Chinoise, Chinois",60 740 000
Chypre,République de Chypre,Κυπριακή Δημοκρατία,Europe,Union Européenne,1 219 051,"1,65",9 251,"131,78","24,470 ",28 159,"3,90","80,80","10,70","1,32","6,90","1,30","99,86","Grec, Turc",Euro,"0,873","72,60",République,Président Níkos Anastasiádis,1er octobre,"CY, CYP",Chypriote,3 930 000
Colombie,République de Colombie,República de Colombia,Amériques,Amérique du Sud,49 892 184,"1,10",1 141 748,"43,70","330,228 ",6 651,"2,70","77,10","15,77","1,90","5,87","17,23","98,66",Espagnol,Peso colombien,"0,761","65,22",République,Président Iván Duque,20 juillet,"CO, COL","Colombienne, Colombien",4 027 000
Comores,Union des Comores,الاتحاد القمري - al-Ittiḥād al-Qumurī/Qamarī,Afrique,Afrique de l'Est,845 477,"2,41",1 862,"454,07","1,203 ",1 445,"2,80","64,10","27,84","3,60","7,57","63,55","77,76","Français, Swahili",Franc Comorien,"0,538","44,24",République fédérale,Président Azali Assoumani,6 juillet,"KM, COM","Comorienne, Comorien",28 000
Congo,République du Congo,République du Congo,Afrique,Afrique subsaharienne,5 279 517,"3,68",341 821,"15,45","11,264 ",2 148,"1,00","64,30","35,10","4,68","9,70","56,40","80,91",Français,Franc CFA,"0,608","42,39",République,Président Denis Sassou-Nguesso,15 août,"CG, COG","Congolaise, Congolais",211 000
Cook,Îles Cook,Cook Islands,Océanie,Océanie,17 328,"-0,38",237,"73,11","0,288 ",24 615,"8,80","73,60","4,60","2,40","1,90",NaN,"95,00","Anglais, Maori des îles Cook",Dollar des îles Cook et Dollar néo-zélandais,"0,829 / 1",NaN,Monarchie parlementaire,Reine Élisabeth II  Représentant de la Reine Tom Marsters,4 août,"CK, COK","Cookienne, Cookien",161 362
Corée du Nord,République populaire démocratique de Corée,조선민주주의인민공화국  朝鮮民主主義人民共和國  Chosŏn Minjujuŭi Inmin Konghwaguk,Asie,Asie de l'Est,25 617 841,"0,49",123 138,"208,04","34,311",1 235,"-3,50","70,11","14,52","1,97","9,21","23,68","100,00",Coréen,Won nord-coréen,"0,733 / 1","41,80",Démocratie populaire. Dictature militaire de facto,Président de la Commission des affaires de l'État : Kim Jong-un,"15 avril, 9 septembre, 10 octobre","KP, PRK","Nord-Coréenne, Nord-Coréen",6 000
Corée du Sud,République de Corée,대한민국 / 大韓民國,Asie,Asie de l'Est,51 826 059,"0,20",100 356,"516,42","1 619,424 ",31 363,"2,70","82,80","6,40","0,98","5,50","3,86","100,00",Coréen,Won,"0,906","62,30",République,Président Moon Jae-in,15 août,"KR, KOR","Sud-Coréenne, Sud-Coréen",13 336 000
Costa Rica,République du Costa Rica,República de Costa Rica,Amériques,Amérique centrale,5 003 402,"1,09",51 100,"97,91","60,126 ",12 027,"2,70","80,19","14,50","1,70","4,50","7,00","99,13",Espagnol,Colón costaricain,"0,794","67,85",République,Président Carlos Alvarado,15 septembre,"CR, CRI","Costaricienne, Costaricien",2 960 000
Côte d’Ivoire,République de Côte d'Ivoire,Côte d'Ivoire,Afrique,Afrique subsaharienne,25 823 071,"2,59",322 462,"80,08","43,007 ",1 716,"7,40","57,40","35,10","4,60","10,40","66,90","50,24",Français,Franc CFA,"0,516","45,25",République,Président Alassane Ouattara,7 décembre,"CI, CIV","Ivoirienne, Ivoirien",1 800 000
Croatie,République de Croatie,Republika Hrvatska,Europe,Union Européenne,4 076 246,"-0,72",56 594,"72,03","60,806 ",14 869,"2,60","78,30","9,00","1,43","12,30","3,80","99,27",Croate,Kuna,"0,837","65,45",République parlementaire,Président Zoran Milanović,8 octobre,"HR, HRV",Croate,15 593 000
Cuba,République de Cuba,República de Cuba,Amériques,Antilles,11 280 651,"0,32",109 884,"102,66","96,851",8 541,"1,80","78,70","10,40","1,65","9,50","4,00","100,00",Espagnol,Peso cubain,"0,778","63,42",État communiste à parti unique,Président Miguel Díaz-Canel,10 décembre,"CU, CUB","Cubaine, Cubain",4 275 558
Curaçao,Pays de Curaçao,Pays de Curaçao,Amériques,Antilles,160 012,"-0,20",444,"360,39","3,117",19 458,"-1,70","78,10","9,70","1,50","8,90","10,30","100,00","Néerlandais, papiamento",Florin des Antilles néerlandaises,"0,811 / 1",NaN,"Monarchie unitaire, parlementaire",Roi Willem-Alexander,2 juillet,"CW, CUW","Curacienne, Curacien",1 033 206
Danemark,Royaume de Danemark,Kongeriget Danmark,Europe,Union Européenne,5 789 957,"0,20",42 925,"134,89","351,300 ",60 596,"1,40","80,80","10,10","1,71","9,10","2,90","100,00",Danois,Couronne,"0,930","80,51",Monarchie constitutionnelle,Reine Margrethe II,5 juin,"DK, DNK","Danoise, Danois",10 781 000
Djibouti,République de Djibouti,Gabuutih Ummuuno,Afrique,Afrique de l'Est,1 048 999,"2,80",25 030,"41,91","1,966 ",2 050,"6,00","66,60","23,40","2,31","7,50","47,20","57,40","Français, Arabe",Franc djiboutien,"0,495","40,04",République,Président Ismail Omar Guelleh,27 juin,"DJ, DJI","Djiboutienne, Djiboutien",63 000
Dominique,Communauté de la Dominique,Commonwealth of Dominica,Amériques,Antilles,74 679,"0,50",754,"99,04","0,504 ",7 032,"0,50","78,10","15,68","2,08","8,12","13,20","94,00",Anglais,Dollar de la Caraïbe orientale,"0,724","59,38",République,Président Charles Savarin,3 novembre,"DM, DMA","Dominiquaise, Dominiquais",79 000
Égypte,République arabe d'Égypte,جمهوريّة مصر العربيّة,Afrique,Afrique du Nord,100 004 225,"1,96",1 010 408,"98,97","250,895 ",2 549,"5,30","71,80","27,80","3,34","6,13","20,30","73,75",Arabe,Livre égyptienne,"0,700","61,21",République,Président Abdel Fattah al-Sissi,23 juillet,"EG, EGY","Égyptienne, Égyptien",8 157 000
Émirats arabes unis,Émirats arabes unis,دولة الإمارات العربيّة المتّحدة - Dawlat al-ʾImārāt al-ʿarabiyyat al-muttaḥida,Asie,Asie de l'Ouest,9 541 615,"0,78",83 600,"114,13","414,179 ",43 005,"1,40","77,80","10,82","1,78","1,59","5,90","99,46",Arabe,Dirham des Émirats arabes unis,"0,866","58,90",Monarchie fédérale absolue,Président Khalifa ben Zayed Al Nahyane,2 décembre,"AE, ARE","Émiratie, Émirati, Émirienne, Émirien",15 790 000
Équateur,République de l'Équateur,República del Ecuador,Amériques,Amérique du Sud,16 803 150,"1,50",256 370,"65,54","108,398 ",6 345,"1,40","76,80","20,78","2,55","5,13","18,40","99,06","Espagnol, Kichwa",Dollar $,"0,758","57,42",République,Président Lenín Moreno,10 août,"EC, ECU","Équatorienne, Équatorien",1 608 000
Érythrée,État d'Érythrée,ሃገረ ኤርትራ Hagere Ertra,Afrique,Afrique de l'Est,5 187 948,"2,35",121 320,"42,76","6,856 ",988,"5,00","65,90","29,60","3,99","7,20","45,00","73,77","Tigrigna, Arabe, Anglais",Nakfa,"0,434","39,34",Dictature. République à parti unique,Président Isaias Afwerki,24 mai,"ER, ERI","Érythréenne, Érythréen",142 000
Espagne,Royaume d'Espagne,Reino de España,Europe,Union Européenne,47 329 981,"0,84",505 992,"93,54","1 426,189 ",30 524,"2,60","83,40","9,02","1,33","9,06","2,67","99,76",Espagnol,Euro,"0,893","78,39",Monarchie constitutionnelle,Roi Felipe VI,12 octobre,"ES, ESP","Espagnole, Espagnol",82 600 000
Estonie,République d'Estonie,Eesti Vabariik,Europe,Union Européenne,1 319 133,"0,27",45 336,"29,10","30,285 ",22 928,"3,90","78,60","10,47","1,60","11,80","2,30","100,00",Estonien,Euro,"0,882","64,31",République parlementaire,Présidente Kersti Kaljulaid,24 février,"EE, EST","Estonienne, Estonien",3 245 000
Eswatini (Swaziland),Royaume du Eswatini,Umbuso we Swatini,Afrique,Afrique Australe,1 159 250,"1,16",17 355,"66,80","4,704 ",4 140,"0,60","46,00","30,05","3,30","17,01","97,50","93,50","Anglais, swati",Lilangeni,"0,608","40,32",Monarchie absolue,Roi Mswati III,6 septembre,"SZ, SWZ",Swazis,921 000
États-Unis,États-Unis d'Amérique,United States of America,Amériques,Amérique du Nord,330 252 859,"0,50",9 629 047,"34,30","20 494,100 ",62 641,"2,90","78,90","12,50","1,76","8,10","5,60","99,00",Anglais de fait,Dollar des États-Unis,"0,920","71,19",République fédérale,Président Donald Trump,4 juillet,"US, USA","États-Unienne, États-Unien",75 868 000
Éthiopie,République fédérale démocratique d'Éthiopie,የኢትዮጵያ ፌዴራላዊ ዲሞክራሲያዊ ሪፐብሊክ  YeItyopya Fédéralawi Dimokrasiyawi Ripeblik,Afrique,Afrique de l'Est,98 802 543,"2,33",1 132 308,"87,26","84,355 ",772,"6,80","66,20","38,07","4,20","8,87","58,28","54,98",Aucune. L'Amharique est la langue du gouvernement fédéral,Birr,"0,470","44,78",République fédérale,Présidente Sahle-Work Zewde,28 mai,"ET, ETH","Éthiopienne, Éthiopien",871 000
Féroé,Îles Féroé,Føroyar,Europe,Europe,51 312,"1,61",1 393,"36,84","2,689 ",55 823,"5,64","82,20","13,50","2,47","8,97","3,05","100,00",Féringien,Couronne féroïenne,"0,950 / 1","81,60","Dépendance du Danemark, autonome depuis 1948",Reine Margrethe II  Haut-Commissaire Lene Moyell Johansen  Premier ministre Aksel V. Johannesen,29 juillet,"FO, FRO","Féringienne, Féringien, ou Féroïenne, Féroïen",137 538
Fidji,République des îles Fidji,Matanitu ko Viti,Océanie,Océanie,890 196,"0,60",18 274,"48,71","5,479 ",6 202,"5,00","67,30","19,00","2,44","6,10","9,70","93,70","Anglais, fidjien, hindoustani",Dollar fidjien,"0,724","53,09",République,Président Jioji Konrote,10 octobre,"FJ, FJI","Fidjienne, Fidjien",842 884
Finlande,République de Finlande,Suomen tasavalta,Europe,Union Européenne,5 537 519,"0,18",338 452,"16,36","275,683 ",49 960,"2,30","81,70","9,10","1,57","9,80","1,90","100,00","Finnois, suédois, sami",Euro,"0,925","78,64",République parlementaire,Président Sauli Niinistö,6 décembre,"FI, FIN","Finlandaise, Finlandais",3 181 000
France,République française,France,Europe,Union Européenne,67 063 703,"0,28",551 695,"117,63","2 777,535 ",41 464,"1,70","82,65","11,20","1,87","9,10","3,80","100,00",Français,Euro,"0,891","83,95",République parlementaire,Président Emmanuel Macron,14 juillet,"FR, FRA","Française, Français",86 918 000
Gabon,République gabonaise,Gabon,Afrique,Afrique subsaharienne,1 995 659,"1,96",267 667,"7,46","17,017 ",8 030,"1,20","66,20","30,17","3,91","8,63","36,10","83,18",Français,Franc CFA,"0,702","45,05",République à parti unique,Président Ali Bongo Ondimba,"12 mars, 17 août","GA, GAB","Gabonaise, Gabonais",90 000
Gambie,République de Gambie,Republic of The Gambia,Afrique,Afrique subsaharienne,2 207 816,"3,20",10 689,"206,55","1,624 ",712,"6,60","61,70","42,14","5,72","8,73","47,90","73,19",Anglais,Dalasi,"0,466","42,42",République,Président Adama Barrow,18 février,"GM, GMB","Gambienne, Gambien",161 000
Géorgie,Géorgie,საქართველო,Asie,Asie de l'Ouest,3 729 631,"0,31",57 178,"65,23","16,210 ",4 345,"4,70","73,60","15,20","1,82","13,70","9,00","99,79",Géorgien,Lari,"0,786","55,69",République,Présidente Salomé Zourabichvili,23 novembre,"GE, GEO","Géorgienne, Géorgien",3 479 000
Géorgie du Sud-et-les Îles Sandwich du Sud,Géorgie du Sud-et-les Îles Sandwich du Sud,South Georgia and the South Sandwich Islands,Antarctique,Antarctique,35,"0,00",4 190,"0,01","0,000 ",0,"0,00","0,00",NaN,NaN,NaN,NaN,"100,00",Anglais,Livre des Îles Malouines,NaN,NaN,Territoire britannique d'outre-mer  Monarchie,Reine Élisabeth II  Gouverneur Nigel Phillips,21 avril,",","Géorgienne du Sud, Géorgien du Sud",NAN
Ghana,République du Ghana,Republic of Ghana,Afrique,Afrique subsaharienne,30 280 811,"2,21",238 553,"126,94","65,556 ",2 202,"6,30","63,80","30,80","4,03","7,10","36,30","76,57",Anglais,Cedi,"0,596","49,66",République,Président Nana Akufo-Addo,6 mars,"GH, GHA","Ghanéenne, Ghanéen",897 000
Gibraltar,Gibraltar,Gibraltar,Europe,Europe,36 974,"1,55",7,"5 437,35","2,827 ",84 198,"6,00","79,40","14,70","1,91","7,50","6,00","100,00",Anglais,Livre de Gibraltar,"0,961 / 1",NaN,Territoire d'outre-mer du Royaume-Uni,Reine Élisabeth II  Gouverneur Ed Davis,10 septembre,"GI, GIB","Gibraltarienne, Gibraltarien",99 722
Grèce,République hellénique,Ελληνική Δημοκρατία - Ellinikí Dhimokratía,Europe,Union Européenne,10 709 606,"-0,14",132 049,"81,10","218,032 ",20 324,"1,90","82,10","8,05","1,35","11,20","3,47","99,67",Grec,Euro,"0,872","73,60",République parlementaire,Présidente Ekateríni Sakellaropoúlou,25 mars,"GR, GRC","Grecque, Grec",27 194 000
Grenade,Grenade,Grenada,Amériques,Antilles,115 465,"1,09",349,"330,85","1,207 ",10 834,"4,80","72,40","16,90","2,10","7,60","15,00","96,00",Anglais de facto,Dollar des Caraïbes orientales,"0,763","50,93",Monarchie constitutionnelle,Reine Élisabeth II  Gouverneure générale Cécile La Grenade,7 février,"GD, GRD","Grenadienne, Grenadien",146 000
Groenland,Groenland,Kalaallit Nunaat,Amériques,Amérique du Nord,56 025,"-0,26",2 166 086,"0,03","2,714 ",48 296,"5,96","71,89","14,30","1,99","8,30","8,50","100,00",Kalaallisut,Couronne danoise,"0,839 / 1",NaN,Monarchie.  Pays constitutif du Royaume de Danemark,Reine Marguerite II  Haute-commissaire Mikaela Engell  1er ministre Kim Kielsen,21 juin,"GL, GRL","Groenlandaise, Groenlandais",262 898
Guadeloupe,Guadeloupe,Guadeloupe,Amériques,Antilles,376 879,"-1,16",1 628,"231,50","9,740 ",24 668,"1,90","80,55","12,50","2,21","8,20","4,19","100,00",Français,Euro,NaN,NaN,Région et département d'outre-mer de la République française,Président Emmanuel Macron,14 juillet,"GP, GPL","Guadeloupéenne, Guadeloupéen, Française, Français",600 000
Guam,Guam,Guam,Océanie,Océanie,179 606,"0,81",541,"331,99","5,859",35 665,"0,20","79,00","20,90","2,41","6,20","13,90","100,00","Anglais, chamorro",Dollar des États-Unis,NaN,NaN,Territoire non-incorporé et organisé des États-Unis,Président Donald Trump  Gouverneur Eddie Calvo,4 juillet,"GU, GUM","Guamanienne, Guamanien",1 544 000
Guatemala,République du Guatemala,República de Guatemala,Amériques,Amérique centrale,18 065 725,"2,13",108 930,"165,85","78,460 ",4 549,"3,10","72,50","22,50","2,70","4,80","20,00","94,35",Espagnol,Quetzal,"0,651","52,33",République,Président Alejandro Giammattei,15 septembre,"GT, GTM",Guatémaltèque,1 660 000
Guinée,République de Guinée,République de Guinée,Afrique,Afrique subsaharienne,11 883 516,"2,84",245 857,"48,34","10,990 ",885,"8,70","61,20","36,87","5,01","9,94","61,00","45,25",Français,Franc guinéen,"0,466","46,62",République,Président Alpha Condé,2 octobre,"GN, GIN","Guinéenne, Guinéen",63 030
Guinée équatoriale,République de Guinée équatoriale,República de Guinea Ecuatorial,Afrique,Afrique subsaharienne,2 015 334,"2,67",28 051,"71,85","13,317 ",10 174,"-2,90","58,40","35,00","4,83","10,76","68,20","98,26","Espagnol, Français, Portugais",Franc CFA,"0,588","60,40",République - Dictature militaire de facto,Président Teodoro Obiang Nguema Mbasogo,12 octobre,"GQ, GNQ","Équatoguinéenne, Équatoguinéen ou Guinéo-équatorienne, Guinéo-équatorien",6 000
Guinée-Bissau,République de Guinée-Bissau,República da Guiné-Bissau,Afrique,Afrique subsaharienne,1 655 289,"2,20",36 125,"45,82","1,458 ",778,"3,80","58,00","38,50","4,44","12,70","60,00","59,91","Portugais, Français",Franc CFA,"0,461","44,67",République,Président Umaro Sissoco Embaló,24 septembre,"GW, GNB","Bissau-Guinéenne, Bissau-Guinéen",44 000
Guyana,République coopérative du Guyana,Co-operative Republic of Guyana,Amériques,Amérique du Sud,752 208,"0,49",214 970,"3,50","3,610 ",4 635,"3,40","69,80","17,60","2,60","6,80","21,80","94,37","Anglais, Créole guyanais",Dollar du Guyana,"0,670","47,93",République,Président David Granger,23 février,"GY, GUY","Guyanienne, Guyanien",247 000
Guyane,Guyane,Guyane,Amériques,Amérique du Sud,290 691,"2,52",83 846,"3,47","4,313 ",16 727,"1,90","79,90","26,20","3,60","3,10","8,60","96,00",Français,Euro,NaN,NaN,Région et département d'outre-mer français,Président Emmanuel Macron,14 juillet,"GF, GUF","Guyanaise, Guyanais, Française, Français",199 000
Haïti,République d'Haïti,Repiblik Ayiti,Amériques,Antilles,11 591 279,"1,52",27 065,"428,28","9,658 ",868,"1,50","63,70","24,10","2,90","8,20","39,00","60,73","Français, créole haïtien",Gourde haïtienne,"0,503","33,74",République présidentielle,Président Jovenel Moïse,1er janvier,"HT, HTI","Haïtienne, Haïtien",516 000
Honduras,République du Honduras,República de Honduras,Amériques,Amérique centrale,9 181 487,"1,42",111 275,"82,51","23,803 ",2 483,"3,70","75,10","23,14","2,78","5,17","18,18","88,50",Espagnol,Lempira,"0,623","51,51",République,Président Juan Orlando Hernández,15 septembre,"HN, HND","Hondurienne, Hondurien",936 000
Hong Kong,Région administrative spéciale de Hong Kong de la République populaire de Chine,Hong Kong Special Administrative Region,Asie,Asie de l'Est,7 448 885,"0,77",1 110,"6 710,71","362,993 ",48 717,"3,00","84,70","8,30","1,21","6,40","1,50","98,00",Chinois,Dollar de Hong Kong,"0,939",NaN,Région administrative spéciale de la République populaire de Chine,Président Xi Jinping,,"HK, HKG","Hongkongaise, Hongkongais, Chinoise, Chinois",27 885 000
Hongrie,République de Hongrie,Magyarország,Europe,Union Européenne,9 778 371,"-0,20",93 023,"105,12","155,703 ",15 939,"4,90","76,70","9,40","1,49","13,50","3,60","99,05",Hongrois,Forint,"0,845","65,01",République parlementaire,Président János Áder,15 mars,"HU, HUN","Hongroise, Hongrois",15 785 000
Îles Anglo-Normandes – Jersey et Guernesey,Îles Anglo-Normandes - Jersey et Guernesey,Bailliage de Jersey,Europe,Europe,167 563,"0,86",194,"863,73","9,310",56 084,"1,05","82,60","9,11","1,48","7,67","3,04","100,00","Anglais, français",Livre sterling,"0,985 / 1",NaN,"Bailliage de Jersey et Guernesey, dépendance de la couronne britannique",Reine Élisabeth II,9 mai,",","Jersiaise, Jersiais, Guernesiaise, Guernesiais",617 400
Îles Vierges britanniques,Îles Vierges britanniques,British Virgin Islands,Amériques,Antilles,32 944,"2,27",151,"218,17","1,027",34 246,"3,20","77,37","7,46","0,86","4,72","20,32","100,00",Anglais,Dollar des États-Unis,"0,945 / 1",NaN,Territoire d'outre-mer du Royaume-Uni,Reine Élisabeth II  Gouverneur Augustus Jaspert,3 juillet,"VG, VGB","Insulaire des Îles Vierges britanniques, Britannique",335 000
Îles Vierges des États-Unis,Îles Vierges des États-Unis,United States Virgin Islands,Amériques,Antilles,108 298,"0,78",348,"311,20","3,855",35 938,"-1,70","79,87","10,30","1,74","8,50","7,09","100,00",Anglais,Dollar des États-Unis,"0,894 / 1",NaN,Territoire non-incorporé et organisé des États-Unis,Président Donald Trump  Gouverneur Albert Bryan,4 juillet,"VI, VIR","Insulaire des Îles Vierges des États-Unis, Étatsunienne, Étatusien, Américaine, Américain",667 000
Inde,République de l'Inde,भारत गणराज्य - Bhārat Ganarājya,Asie,Asie du Sud,1 358 408 567,"1,60",3 287 469,"413,21","2 726,323 ",2 016,"7,00","69,40","20,40","2,30","6,40","34,00","71,24","Hindi, Anglais, Français dans certaines régions",Roupie indienne,"0,647","30,57",République fédérale,Président Ram Nath Kovind  Premier ministre Narendra Modi,26 janvier,"IN, IND","Indienne, Indien",15 543 000
Indonésie,République d'Indonésie,Republik Indonesia,Asie,Asie du Sud-Est,268 674 755,"1,36",1 913 579,"140,40","1 042,173 ",3 894,"5,20","71,50","16,40","2,13","6,40","23,50","99,72",Indonésien,Rupiah,"0,707","46,92",République,Président Joko Widodo,17 août,"ID, IDN","Indonésienne, Indonésien",15 806 191
Irak,République d'Irak,جمهورية العراق,Asie,Asie de l'Ouest,38 124 182,"2,56",435 052,"87,63","225,914 ",5 878,"0,60","70,50","30,40","4,00","5,40","30,60","81,54","Arabe, kurde",Dinar irakien,"0,689","43,20",République,Président Barham Salih,9 avril,"IQ, IRQ","Irakienne, Irakien",892 000
Iran,République Islamique d'Iran,جمهوری اسلامی ايران - Jomhuriye Eslâmiye Irân,Asie,Asie de l'Ouest,81 920 730,"1,24",1 629 771,"50,27","454,013 ",5 628,"3,80","76,50","17,99","1,66","5,94","38,04","87,60",Persan,Rial,"0,797","58,16",République islamique,Président Hassan Rohani  Guide suprême Ali Khamenei,1er avril,"IR, IRN","Iranienne, Iranien",4 867 000
Irlande,République d'Irlande,Éire,Europe,Union Européenne,4 857 198,"1,35",70 182,"69,21","375,903 ",77 450,"6,70","82,10","14,20","1,90","6,50","3,10","100,00","Irlandais, anglais",Euro,"0,942","78,77",République,Président Michael D. Higgins,Aucune tant que l'Irlande ne sera pas réunifiée,"IE, IRL","Irlandaise, Irlandais",10 100 000
Islande,République d'Islande,Lýðveldið Ísland,Europe,Europe,348 450,"2,99",103 125,"3,38","25,878 ",73 191,"4,60","82,90","13,70","1,75","6,90","0,70","100,00",Islandais,Couronne islandaise,"0,938","78,57",République,Président Guðni Th. Jóhannesson,17 juin,"IS, ISL","Islandaise, Islandais",2 224 000
Israël,État d'Israël,מְדִינַת יִשְׂרָאֵל - Medīnat Yisra'el,Asie,Asie de l'Ouest,9 136 100,"1,90",20 517,"445,29","369,690 ",41 614,"3,30","82,80","20,60","3,09","5,00","3,20","98,80","Hébreu, arabe",Nouveau shekel,"0,906","75,01",République,Président Réouven Rivlin  Premier ministre Benjamin Netanyahou,5 mai,"IL, ISR","Israélienne, Israélien",4 120 863
Italie,République italienne,Repubblica italiana,Europe,Union Européenne,60 494 785,"-0,16",302 072,"200,27","2 073,902 ",34 318,"0,90","83,00","7,30","1,30","10,70","3,30","99,15",Italien,Euro,"0,883","76,96",République,Président : Sergio Mattarella  Président du Conseil : Giuseppe Conte,2 juin,"IT, ITA","Italienne, Italien",58 253 000
Jamaïque,Jamaïque,Jamaica,Amériques,Antilles,2 728 864,"0,00",10 991,"248,28","15,718 ",5 356,"1,90","74,40","13,54","2,25","5,70","22,20","87,00",Patois jamaïcain,Dollar jamaïcain,"0,726","58,58",Monarchie parlementaire,Reine Élisabeth II  Gouverneur général Patrick Allen,6 août,"JM, JAM","Jamaïcaine, Jamaïcain",2 353 000
Japon,État du Japon,Nippon - 日本,Asie,Asie de l'Est,126 330 302,"-0,18",377 972,"334,23","4 970,916 ",39 287,"0,80","84,50","7,80","1,44","10,50","2,00","100,00",Japonais,Yen,"0,915","74,69",Monarchie constitutionnelle,Empereur Naruhito,23 février,"JP, JPN","Japonaise, Japonais",28 690 000
Jordanie,Royaume hachémite de Jordanie,المملكة الأردنّيّة الهاشميّة  Al-Mamlakah Al-Urdunnīyah Al-Ḥāshimīyah,Asie,Asie de l'Ouest,10 305 560,"2,16",88 794,"116,06","42,291 ",4 248,"1,90","74,40","25,23","3,50","3,80","17,00","93,55",Arabe,Dinar jordanien,"0,723","62,20",Monarchie constitutionnelle,Roi Abdallah II,25 mai,"JO, JOR","Jordanienne, Jordanien",3 844 000
Kazakhstan,République du Kazakhstan,Қазақстан Республикасы - Qazaqstan Respublïkası,Asie,Asie centrale,18 440 161,"1,45",2 724 922,"6,77","170,539 ",9 331,"4,10","73,20","22,52","2,31","7,37","8,59","99,79",Kazakh,Tengue,"0,817","54,56",République,Président Kassym-Jomart Tokaïev,16 décembre,"KZ, KAZ","Kazakhe, Kazakh, Kazakhstanaise, Kazakhstanais",4 560 000
Kenya,République du Kenya,Jamhuri ya Kenya,Afrique,Afrique de l'Est,47 564 296,"2,20",580 876,"81,88","87,908 ",1 711,"6,30","66,30","34,64","4,33","8,26","35,50","77,97","Anglais, swahili",Shilling kenyan,"0,579","47,25",République. Régime présidentiel,Président Uhuru Kenyatta,12 décembre,"KE, KEN","Kényane, Kényan",1 364 000
Kirghizistan,République kirghize,Кыргыз Республикасы,Asie,Asie centrale,6 256 730,"1,90",199 949,"31,29","8,093 ",1 281,"3,50","71,30","27,40","3,19","5,84","16,60","99,75","Kirghiz, Russe",Som,"0,674","54,86",République,Président Sooronbay Jeenbekov,31 août,"KG, KGZ",Kirghiz,1 375 100
Kiribati,République des Kiribati,Kiribati,Océanie,Océanie,114 698,"1,37",726,"157,99","0,188 ",1 625,"2,00","68,10","30,00","4,00","7,48","45,00","70,96","Gilbertin, Anglais",Dollar australien,"0,623","55,26",République,Président Taaneti Mwamwau,12 au 14 juillet,"KI, KIR","Gilbertine, Gilbertin",4 029
Kosovo,République du Kosovo,Republika e Kosovës,Europe,Europe,1 798 506,"0,84",10 905,"164,92","7,900 ",4 281,"4,10","71,10","13,01","2,06","4,85","9,74","94,30","Albanais, Serbe",Euro,"0,787 / 1",NaN,République parlementaire,Président Hashim Thaçi,17 février,"XK, XKX",Kosovar,86 032
Koweït,État du Koweït,دولة الكويت - Dawlat al-Kuwayt,Asie,Asie de l'Ouest,4 420 110,"-6,96",17 818,"248,07","141,678 ",34 244,"1,20","74,40","16,30","1,90","1,60","7,40","99,49",Arabe,Dinar koweïtien,"0,808","62,28",Monarchie constitutionnelle,Émir Nawaf al-Ahmad al-Jabir al-Sabah,25 février,"KW, KWT","Koweïtienne, Koweïtien",203 000
Kurdistan,Kurdistan,Kurdewarî,Asie,Asie de l'Ouest,44 000 000,"0,00",503 000,"87,48","0,000 ",0,"0,00","0,00",NaN,NaN,NaN,NaN,NaN,Kurde,Monnaies locales des États,NaN,NaN,Partiellement autonome,,,",",Kurde,NAN
Laos,République démocratique populaire lao,Sathalanalat Passathipatai Passasson lao - ສາທາລະນະລັດ ປະຊາທິປະໄຕ ປະຊາຊົນລາວ,Asie,Asie du Sud-Est,7 230 665,"4,78",236 800,"30,53","18,131 ",2 568,"6,50","67,60","28,00","3,20","8,20","57,00","84,70",Lao,Kip,"0,604","42,94",République socialiste à parti unique,Président Bounnhang Vorachith,2 décembre,"LA, LAO",Lao,3 257 000
Lesotho,Royaume du Lesotho,'Muso oa Lesotho,Afrique,Afrique Australe,2 183 687,"4,30",30 355,"71,94","2,792 ",1 324,"1,50","53,70","29,45","3,20","19,85","53,30","86,20","Sesotho, anglais",Loti,"0,518","33,78",Monarchie constitutionnelle,Roi Letsie III,4 octobre,"LS, LSO","Lésothane, Lésothan",320 000
Lettonie,République de Lettonie,Latvijas Republika,Europe,Union Européenne,1 934 379,"-1,28",64 573,"29,96","34,849 ",18 089,"4,80","75,20","10,70","1,70","14,80","4,10","100,00",Letton,Euro,"0,854","66,12",République parlementaire,Président Raimonds Vējonis,18 novembre,"LV, LVA","Lettonne, Letton",1 950 000
Liban,République libanaise,الجمهوريّة اللبنانيّة,Asie,Asie de l'Ouest,6 629 166,"4,25",10 389,"638,09","56,639 ",8 270,"0,20","78,90","15,19","1,71","4,56","7,10","99,10",Arabe,Livre libanaise,"0,730","61,08",République parlementaire,Président Michel Aoun,22 novembre,"LB, LBN","Libanaise, Libanais",1 857 000
Libéria,République du Libéria,Liberia,Afrique,Afrique subsaharienne,5 310 548,"4,21",111 370,"47,68","3,249 ",674,"1,22","63,70","33,90","4,60","9,50","65,80","54,47",Anglais,Dollar libérien,"0,465","41,62",République,Président George Weah,26 juillet,"LR, LBR","Libérienne, Libérien",NAN
Libye,État de Libye,دولة ليبيا ,Afrique,Afrique du Nord,6 549 402,"1,78",1 759 540,"3,72","48,320 ",7 235,"7,80","72,70","17,80","2,04","3,60","11,10","99,95","Arabe, Amazigh",Dinar libyen,"0,708","49,79",Gouvernement provisoire,Aguila Salah Issa,1er septembre,"LY, LBY","Libyenne, Libyen",NAN
Liechtenstein,Principauté de Liechtenstein,Fürstentum Liechtenstein,Europe,Europe,38 114,"0,80",160,"238,21","6,215 ",165 028,"-1,16","80,50","10,40","1,69","7,40","4,30","100,00",Allemand,Franc suisse,"0,917",NaN,Principauté,Prince Hans-Adam II,15 août,"LI, LIE","Liechtensteinoise, Liechtensteinois",79 000
Lituanie,République de Lituanie,Lietuvos Respublika,Europe,Union Européenne,2 795 674,"-0,62",65 286,"42,82","53,251 ",19 090,"3,50","75,70","10,10","1,63","14,20","2,90","100,00",Lituanien,Euro,"0,869","69,33",République parlementaire,Président Gitanas Nausėda,16 février,"LT, LTU","Lituanienne, Lituanien",929 900
Luxembourg,Grand-Duché de Luxembourg,Groussherzogtum Lëtzebuerg,Europe,Union Européenne,626 108,"1,99",2 586,"242,11","69,488 ",114 340,"2,60","82,24","10,05","1,34","6,91","4,65","100,00","Luxembourgeois, Français, Allemand",Euro,"0,909","79,12",Monarchie constitutionnelle,Grand-duc Henri,23 juin,"LU, LUX","Luxembourgeoise, Luxembourgeois",1 046 000
Macao,Région administrative spéciale de Macao de la République populaire de Chine,中華人民共和國澳門特別行政區,Asie,Asie de l'Est,663 419,"1,58",31,"21 539,58","54,545 ",86 355,"4,70","83,30","11,00","1,14","3,40","1,70","96,20","Portugais, Cantonais",Pataca,"0,909 / 1",NaN,Région administrative spéciale de Chine,Président Xi Jinping  Chef de l'exécutif Fernando Chui Sai On,1er octobre,"MO, MAC","Macanaise, Macanais",17 255 000
Macédoine du Nord,République de Macédoine du Nord,Република Македонија,Europe,Europe,2 076 129,"12,00",25 713,"80,74","12,672 ",6 084,"2,70","75,70","11,10","1,50","9,90","11,90","98,61",Macédonien,Denar,"0,759","61,06",République,Président Stevo Pendarovski,2 août,"MK, MKD","Macédonienne, Macédonien",1 015 905
Madagascar,République de Madagascar,Repoblikan'i Madagasikara,Afrique,Afrique de l'Est,27 249 564,"3,01",587 295,"46,40","12,100 ",461,"5,20","66,70","33,58","4,36","7,10","46,13","64,66","Malgache, français, anglais",Ariary,"0,521","33,73",République,Président Andry Rajoelina,26 juin,"MG, MDG",Malgache,255 000
Madère,Madère,Madeira,Afrique,Afrique du Nord,254 368,"0,29",802,"317,17","4,740 ",18 485,"0,85","80,41","8,30","1,30","10,50","2,90","95,68",Portugais,Euro,NaN,"71,91",Région autonome du Portugal,Président Marcelo Rebelo de Sousa,10 juin,",","Madéroise, Madérois, Madérienne, Madérien, Portugaise, Portugais",1 000 000
Malaisie,Malaisie,Kerajaan Malaysia,Asie,Asie du Sud-Est,32 549 402,"1,13",330 345,"98,53","354,348 ",11 239,"4,70","76,00","16,60","2,00","5,00","6,20","98,42",Malais,Ringgit,"0,804","59,22","Monarchie constitutionnelle, élective et fédérale",Roi Abdullah Shah,31 août,"MY, MYS","Malaisienne, Malaisien",25 948 000
Malawi,République du Malawi,Republic of Malawi,Afrique,Afrique Australe,18 073 097,"2,90",118 484,"152,54","7,065 ",389,"3,50","54,80","32,80","4,17","6,30","54,06","68,60","Anglais, Chichewa",Kwacha malawite,"0,485","49,21",République,Président Peter Mutharika,6 juillet,"MW, MWI","Malawite, Malawienne, Malawien",849 000
Maldives,République des Maldives,Dhivehi Raa'jeyge Jumhooriyya,Asie,Asie du Sud,533 941,"4,28",131,"4 075,89","5,272 ",10 224,"6,10","78,60","20,00","2,46","3,00","9,00","97,70",Divehi,Rufiyaa,"0,719","52,14",République,Président Ibrahim Mohamed Solih,26 juillet,"MV, MDV","Maldivienne, Maldivien",1 484 274
Mali,République du Mali,Mali,Afrique,Afrique subsaharienne,20 933 072,"3,36",1 246 814,"16,79","17,197 ",901,"4,90","58,90","38,70","6,10","13,80","74,50","31,00",Français,Franc CFA,"0,427","43,71",République constitutionnelle en transition,Président Bah N'Daw,22 septembre,"ML, MLI","Malienne, Malien",193 000
Malouines,Îles Malouines,Falkland Islands,Amériques,Amérique du Sud,3 617,"2,10",12 173,"0,30","0,193",55 620,"1,20","77,90","10,90",NaN,"4,90",NaN,"100,00",Anglais,Livre des Îles Malouines,"0,933 / 1",NaN,Territoire d'outre-mer du Royaume-Uni. Revendiqué par l'Argentine,Reine Élisabeth II  Gouverneur Nigel Phillips,"Pas de fête nationale, mais fête de la naissance de la reine, le 21 avril 1926","FK, FLK","Malouine, Malouin",55 600
Malte,République de Malte,Repubblika ta' Malta,Europe,Union Européenne,446 555,"1,39",320,"1 376,35","14,542 ",30 075,"6,60","82,40","10,10","1,40","7,20","3,50","94,44","Maltais, anglais",Euro,"0,885","80,90",République,Président George Vella,21 septembre,"MT, MLT","Maltaise, Maltais",2 274 000
Man,Île de Man,Ellan Vannin,Europe,Europe,82 619,"-0,28",579,"142,69","6,593 ",79 156,"7,40","81,20","10,96","1,93","10,10","4,10","100,00","Anglais, Mannois",Livre sterling,"0,849 / 1",NaN,Dépendance de la Couronne britannique,Seigneur de Mann Élisabeth II  Lieutenant-gouverneur Richard Gozney,5 juillet,"IM, IMN","Mannoise, Mannois",292 331
Mariannes du Nord,Commonwealth des Îles Mariannes du Nord,Commonwealth of the Northern Mariana Islands,Océanie,Océanie,51 807,"-0,44",464,"111,65","1,593",28 164,"25,14","77,00","14,90","2,76","4,90","12,30","100,00","Anglais, chamorro, carolinien",Dollar des États-Unis,"0,875 / 1",NaN,Territoire non-incorporé des États-Unis,Président Donald Trump  Gouverneur Ralph Torres,4 juillet,"MP, MNP","Mariannaise, Mariannais",660 000
Maroc,Royaume du Maroc,المملكة المغربية,Afrique,Afrique du Nord,35 481 848,"1,25",446 550,"79,46","118,495 ",3 238,"3,00","76,50","18,80","2,38","5,60","23,70","68,49","Arabe, amazighe",Dirham,"0,676","63,47",Monarchie constitutionnelle,Roi Mohammed VI,3 mars,"MA, MAR","Marocaine, Marocain",11 349 000
Marshall,République des îles Marshall,Aolepān Aorōkin M̧ajeļ,Océanie,Océanie,55 663,"0,40",182,"305,84","0,212 ",3 621,"2,50","73,90","26,70","4,10","3,70","20,00","98,46","Marshallais, Anglais",Dollar des États-Unis,"0,698",NaN,République,Présidente Hilda Heine,1er mai,"MH, MHL","Marshallaise, Marshallais",6 000
Martinique,Martinique,Martinique,Amériques,Antilles,358 749,"-1,30",1 128,"318,04","9,363 ",24 623,"0,40","81,00","10,80","1,90","8,70","7,60","100,00",Français,Euro,NaN,NaN,Région et département d'outre-mer français,Président Emmanuel Macron,14 juillet,"MQ, MTQ","Martiniquaise, Martiniquais, Française, Français",900 000
Maurice,République de Maurice,République de Maurice,Afrique,Afrique de l'Est,1 265 637,"0,03",2 007,"630,61","14,220 ",11 239,"3,80","74,90","10,70","1,40","8,00","12,20","98,72",Aucune,Roupie mauricienne,"0,796","56,63",République,Président Barlen Vyapoory,12 mars,"MU, MUS","Mauricienne, Mauricien",1 341 860
Mauritanie,République islamique de Mauritanie,République Islamique de Mauritanie,Afrique,Afrique subsaharienne,3 984 110,"2,32",1 030 700,"3,87","5,366 ",1 219,"3,60","64,70","32,31","4,30","10,90","72,00","62,64","Arabe, Français",Ouguiya,"0,527","39,24",République islamique,Président Mohamed Ould Ghazouani,28 novembre,"MR, MRT","Mauritanienne, Mauritanien",1 470
Mayotte,Département de Mayotte,Mayotte,Afrique,Afrique de l'Est,279 471,"3,71",375,"745,26","2,536 ",11 448,"9,38","76,00","38,00","5,00","2,90","16,00","90,00",Français,Euro,"0,750 / 1",NaN,Département et région d'outre-mer français,Président Emmanuel Macron,14 juillet,"YT, MYT","Mahoraise, Mahorais, Française, Français",50 700
Mexique,États-Unis du Mexique,Estados Unidos Mexicanos,Amériques,Amérique du Nord,127 318 112,"1,40",1 964 375,"64,78","1 223,809 ",9 698,"2,00","75,00","19,00","2,20","5,00","13,00","95,14",Espagnol,Peso mexicain,"0,767","59,69",République fédérale,Président Andrés Manuel López Obrador,16 septembre,"MX, MEX","Mexicaine, Mexicain",39 298 000
Micronésie,États fédérés de Micronésie,Federated States of Micronesia,Océanie,Océanie,103 196,"-0,49",725,"142,34","0,345 ",3 058,"1,40","67,80","20,30","2,45","4,20","20,50","98,00",Anglais,Dollar des États-Unis,"0,614",NaN,République fédérale,Président Peter Christian,10 mai,"FM, FSM","Micronésienne, Micronésien",30 000
Moldavie,République de Moldavie,Republica Moldova,Europe,Europe,3 547 539,"-0,09",30 794,"115,20","11,309 ",3 189,"4,00","71,80","10,90","1,28","11,23","9,70","99,36",Roumain,Leu moldave,"0,711","51,97",République parlementaire,Président Igor Dodon,27 août,"MD, MDA",Moldave,145 000
Monaco,Principauté de Monaco,Monaco,Europe,Europe,38 300,"2,00",2,"18 960,40","6,401",166 726,"-3,50","85,00","13,10","2,60","10,40","1,81","100,00",Français,Euro,"0,956 / 1",NaN,Monarchie constitutionnelle,Prince Albert II,19 novembre,"MC, MCO",Monégasque,355 000
Mongolie,République de Mongolie,ᠮᠣᠩᠭᠣᠯ ᠤᠯᠤᠰ,Asie,Asie de l'Est,3 229 638,"1,86",1 564 116,"2,06","13,010 ",4 104,"6,90","69,70","25,40","3,00","5,20","13,00","98,38",Mongol,Tugrik,"0,735","57,51",République,Président Khaltmaagiyn Battulga,11 juillet,"MN, MNG","Mongole, Mongol",469 000
Monténégro,Monténégro,Crna Gora,Europe,Europe,622 359,"0,00",13 812,"45,06","5,452 ",8 761,"4,90","76,80","12,20","1,80","10,40","3,40","99,15",Monténégrin,Euro,"0,816","61,33",République parlementaire,Président Milo Đukanović,21 mai,"ME, MNE","Monténégrine, Monténégrin",1 877 212
Montserrat,Montserrat,Montserrat,Amériques,Antilles,5 343,"0,48",103,"51,87","0,063 ",12 678,"3,50","74,40","11,00","1,30","6,30",NaN,"99,70",Anglais,Dollar de la Caraïbe orientale,"0,821 / 1",NaN,Territoire d'outre-mer du Royaume-Uni,Reine Élisabeth II  Gouverneur Andrew Pearce,Second samedi de juin,"MS, MSR","Montserratienne, Montserratien",8 000
Mozambique,République du Mozambique,República de Moçambique,Afrique,Afrique Australe,30 405 881,"2,61",782 574,"38,85","14,458 ",490,"3,30","55,60","36,90","4,90","11,20","71,40","76,75",Portugais,Metical,"0,446","46,37",République,Président Filipe Nyusi,25 juin,"MZ, MOZ","Mozambicaine, Mozambicain",1 639 000
Myanmar (Birmanie),République de l'Union du Myanmar,Pyidaungzu Thammada Myanma Naingngandaw  ပြည်ထောင်စု သမ္မတ မြန်မာနိုင်ငံတော်,Asie,Asie du Sud-Est,53 343 778,"0,89",676 577,"78,84","71,215 ",1 326,"6,20","66,90","18,39","2,29","7,96","62,00","89,50",Birman,Kyat,"0,584","45,32",République parlementaire,Président Win Myint  Conseillère d'État Aung San Suu Kyi,4 janvier,"MM, MMR","Birmane, Birman, Myanmaraise, Myanmarais",3 443 000
Namibie,République de Namibie,Republic of Namibia,Afrique,Afrique Australe,2 352 592,"1,55",824 116,"2,85","14,522 ",5 931,"-0,10","63,40","29,73","3,52","7,10","32,80","94,88",Anglais,Dollar namibien,"0,645","58,46",République,Président Hage Geingob,21 mars,"NA, NAM","Namibienne, Namibien",1 469 000
Nauru,République de Nauru,Ripublik Naoero ou Repubrikin Naoero,Océanie,Océanie,12 696,"2,98",21,"596,06","0,115 ",9 030,"-3,50","60,20","29,60","3,90","8,30","34,90","96,50","Nauruan, anglais",Dollar australien,"0,721 / 1",NaN,République,Président Baron Waqa,31 janvier,"NR, NRU","Nauruane, Nauruan",1 581
Népal,République démocratique fédérale du Népal,संघीय लोकतान्त्रिक गणतन्त्रात्मक नेपाल  Sanghiya Loktantrik Ganatantratmak Nepāl,Asie,Asie du Sud,29 704 501,"1,41",147 181,"201,82","28,812 ",1 026,"6,30","70,50","19,90","2,18","5,70","28,90","89,95",Népali,Roupie népalaise,"0,579","31,44",République fédérale,Présidente Bidhya Devi Bhandari,19 février,"NP, NPL","Népalaise, Népalais",1 173 072
Nicaragua,République du Nicaragua,República de Nicaragua,Amériques,Amérique centrale,6 460 229,"1,04",130 376,"49,55","13,118 ",2 029,"-3,80","74,30","23,17","2,54","4,64","18,10","82,82",Espagnol,Córdoba d'or,"0,651","55,04",République,Président Daniel Ortega,15 septembre,"NI, NIC","Nicaraguayenne, Nicaraguayen",1 787 000
Niger,République du Niger,Niger,Afrique,Afrique subsaharienne,21 546 595,"3,83",1 266 491,"17,01","9,240 ",412,"5,20","62,00","49,44","6,00","9,12","48,00","28,40",Français,Franc CFA,"0,377","35,74",République,Président Mahamadou Issoufou,3 août,"NE, NER","Nigérienne, Nigérien",152 000
Nigéria,République fédérale du Nigéria,Federal Republic of Nigeria,Afrique,Afrique subsaharienne,212 871 345,"3,25",923 768,"230,44","397,270 ",2 028,"1,90","54,70","37,40","5,32","11,60","59,50","66,70",Anglais,Naira,"0,534","54,76",République fédérale,Président Muhammadu Buhari,1er octobre,"NG, NGA","Nigériane, Nigérian",1 889 000
Nioué,Nioué,Niue,Océanie,Océanie,2 545,"10,50",261,"9,75","0,010 ",5 436,"0,00","69,50",NaN,NaN,NaN,"17,50","98,00","Niouéen, anglais",Dollar néo-zélandais,"0,794 / 1",NaN,Monarchie parlementaire,Reine Élisabeth II  Gouverneure général Patricia Reddy,6 février,"NU, NIU","Niouéenne, Niouéen",10 000
Norfolk,Île Norfolk,Norfolk Island,Océanie,Océanie,1 778,"0,01",36,"49,39","0,100 ",56 561,"0,00","0,00",NaN,NaN,NaN,NaN,"100,00",Anglais,Dollar australien,"0,958 / 1",NaN,Territoire autogouverné associé à l'Australie,Reine Élisabeth II  Gouverneur général Sir Peter Cosgrove,8 juin,"NF, NFK","Norfolkienne, Norfolkien",33 742
Norvège,Royaume de Norvège,Kongeriket Norge,Europe,Europe,5 367 580,"0,70",385 180,"13,94","434,751 ",81 807,"1,40","83,00","10,15","1,53","7,60","2,10","100,00",Norvégien,Couronne norvégienne,"0,954","77,49",Monarchie constitutionnelle,Roi Harald V,17 mai,"NO, NOR","Norvégienne, Norvégien",6 252 000
Nouvelle-Calédonie,Nouvelle-Calédonie,Nouvelle-Calédonie,Océanie,Océanie,271 940,"0,20",18 576,"14,64","9,396 ",33 722,"1,83","76,90","15,40","2,08","5,70","4,00","100,00",Français,Franc Pacifique CFP,NaN,NaN,"République parlementaire, collectivité d'outre-mer française",Président Emmanuel Macron,14 juillet,"NC, NCL","Néo-Calédonienne, Néo-Calédonien, Française, Français",121 000
Nouvelle-Zélande,Nouvelle-Zélande,New Zealand,Océanie,Océanie,4 913 171,"1,91",268 107,"18,33","205,025 ",41 966,"2,80","82,10","12,43","1,99","6,95","4,10","100,00","Anglais, maori, langue des signes néo-zélandaise",Dollar néo-zélandais,"0,921","75,96",Monarchie constitutionnelle et démocratie parlementaire,"Reine Élisabeth II, Gouverneure générale Patsy Reddy",6 février,"NZ, NZL","Néo-Zélandaise, Néo-Zélandais",3 733 707
Oman,Sultanat d'Oman,سلطنة عُمان - Salṭanat ʻUmān,Asie,Asie de l'Ouest,4 669 948,"0,00",309 550,"15,09","79,295 ",16 419,"2,10","77,60","20,00","2,90","2,00","9,30","91,14",Arabe,Rial omanais,"0,834","51,32",Sultanat - monarchie islamique absolue,Sultan Haitham ben Tariq,11 novembre,"OM, OMN",Omanais,3 300 000
Ossétie du Sud-Alanie,République d'Ossétie du Sud-Alanie,Республикӕ Хуссар Ирыстон,Asie,Asie de l'Ouest,57 652,"1,90",3 900,"14,78","0,100",1 500,"0,00","73,40",NaN,NaN,"3,80",NaN,NaN,"Ossète, géorgien, russe",Lari,"0,780 / 1",NaN,République,Président Anatoli Bibilov,20 septembre,",",Sud-Ossète,NAN
Ouganda,République d'Ouganda,Republic of Uganda,Afrique,Afrique de l'Est,39 612 378,"3,00",241 551,"163,99","27,477 ",643,"6,10","63,00","44,50","5,80","11,26","53,00","72,20","Swahili, Anglais",Shilling ougandais,"0,528","44,28",République,Président Yoweri Museveni,9 octobre,"UG, UGA","Ougandaise, Ougandais",1 323 000
Ouzbékistan,République d'Ouzbékistan,Oʻzbekiston Respublikasi,Asie,Asie centrale,32 653 885,"1,70",448 970,"72,73","50,500 ",1 532,"5,10","71,60","22,80","2,46","4,90","10,70","100,00",Ouzbek,Soum ouzbek,"0,710","45,88",République présidentielle,Président Chavkat Mirzioïev,31 août,"UZ, UZB",Ouzbek,2 157 700
Pakistan,République islamique du Pakistan,اسلامی جمہوریۂ پاکستان  Islāmī Jumhūrīah Pākistān,Asie,Asie du Sud,212 761 108,"2,40",796 096,"267,25","312,570 ",1 473,"5,40","67,10","26,40","3,20","6,90","65,80","73,71","Ourdou, anglais",Roupie pakistanaise,"0,560","37,50",République islamique,Président Arif Alvi,14 août,"PK, PAK","Pakistanaise, Pakistanais",6 205
Palaos,République des Palaos,Belau - Beluu er a Belau,Océanie,Océanie,17 820,"0,30",416,"42,84","0,310 ",17 318,"5,00","73,70","10,68","2,21","7,81","12,78","98,66","Anglais, paluan, japonais",Dollar des États-Unis,"0,814",NaN,République,Président Tommy Remengesau,9 juillet,"PW, PLW","Paluane, Paluan",122 050
Palestine,Etat de Palestine - Autorité palestinienne,دولة فلسطين,Asie,Asie de l'Ouest,5 091 819,"2,82",6 020,"845,82","14,616 ",3 199,"0,90","73,90","30,90","4,10","3,50","18,20","96,70",Arabe,Livre égyptienne,"0,690",NaN,République,Président Mahmoud Abbas,15 novembre,"PS, PSE","Palestinienne, Palestinien",503 000
Panama,République de Panama,República de Panamá,Amériques,Amérique centrale,4 160 016,"1,51",74 177,"56,08","65,055 ",15 575,"3,70","78,30","18,60","2,40","4,70","13,90","98,13",Espagnol,Balboa,"0,795","62,71",République,Président Laurentino Cortizo,3 novembre,"PA, PAN","Panaméenne, Panaméen",1 843 000
Papouasie-Nouvelle-Guinée,État indépendant de Papouasie-Nouvelle-Guinée,Independent State of Papua New Guinea,Océanie,Océanie,9 008 718,"3,10",462 840,"19,46","23,432 ",2 723,"0,40","64,30","24,89","3,24","6,53","39,67","66,68","Anglais, tok pisin, hiri motu",Kina,"0,543","39,35",Monarchie constitutionnelle,Reine Élisabeth II  Gouverneur général Bob Dadae,16 septembre,"PG, PNG","Papouasienne, Papouasien, Papouan(e)-néo-guinéen(ne)",179 000
Paraguay,République du Paraguay,República del Paraguay,Amériques,Amérique du Sud,7 054 473,"1,45",406 752,"17,34","40,842 ",5 871,"3,60","74,10","21,09","2,53","5,66","26,51","99,03","Espagnol, Guarani",Guarani,"0,724","53,93",République,Président Mario Abdo Benítez,14 mai,"PY, PRY","Paraguayenne, Paraguayen",1 537 000
Pays-Bas,Royaume des Pays-Bas,Koninkrijk van Nederland,Europe,Union Européenne,17 182 462,"0,60",41 542,"413,62","912,872 ",52 978,"2,70","82,10","10,40","1,78","8,66","3,62","100,00",Néerlandais,Euro,"0,933","75,46",Monarchie constitutionnelle,Roi Willem-Alexander,27 avril,"NL, NLD","Néerlandaise, Néerlandais",17 924 000
Pays-Bas caribéens,Pays-Bas caribéens Îles BES,Caribisch Nederland BES-eilanden,Amériques,Antilles,24 548,"-0,18",322,"76,24","0,000 ",0,"0,00","0,00",NaN,NaN,NaN,NaN,NaN,"Néerlandais, papiamento",Dollar des États-Unis,NaN,NaN,Municipalités à caractère particulier des Pays-Bas,Roi Willem-Alexander,,"BQ, BES","Néerlandaise, néerlandais",NAN
Pérou,République du Pérou,República del Perú,Amériques,Amérique du Sud,32 131 400,"1,80",1 285 216,"25,00","222,238 ",6 947,"4,00","76,50","18,30","2,20","5,70","17,20","98,88","Espagnol, Quechua, Aymara",Sol,"0,759","61,92",République parlementaire,Président Martín Vizcarra,28 juillet,"PE, PER","Péruvienne, Péruvien",4 032 000
Philippines,République des Philippines,Republika ng Pilipinas,Asie,Asie du Sud-Est,107 558 661,"1,59",300 439,"358,00","330,910 ",3 103,"6,20","71,10","23,55","2,98","6,73","22,20","98,22",Filipino,Peso philippin,"0,712","57,65",République. Régime présidentiel autoritaire,Président Rodrigo Duterte,12 juin,"PH, PHL","Philippine, Philippin",6 621 000
Pitcairn,"Pitcairn, Henderson, Ducie et Oeno",Pitcairn Islands,Océanie,Océanie,50,"0,00",47,"1,06","0,001 ",2 988,"0,00","0,00",NaN,NaN,NaN,NaN,"100,00",Anglais,Dollar néo-zélandais,NaN,NaN,Territoire d'outre-mer du Royaume-Uni,Reine Élisabeth II  Gouverneure Laura Clarke,21 avril,"PN, PCN","Pitcairnaise, Pitcairnais",NAN
Pologne,République de Pologne,Rzeczpospolita Polska,Europe,Union Européenne,38 386 158,"-0,07",312 679,"122,77","585,783 ",15 424,"5,10","78,50","8,90","1,45","9,70","4,40","99,80",Polonais,Złoty,"0,872","64,11",République parlementaire,Président Andrzej Duda,3 mai,"PL, POL","Polonaise, Polonais",18 257 800
Polynésie française,Polynésie française,Pōrīnetia Farāni,Océanie,Océanie,278 509,"0,40",3 792,"73,45","4,904 ",17 839,"1,10","75,95","13,60","1,80","5,44","7,70","100,00",Français,Franc CFP,NaN,NaN,Collectivité d'outre-mer de la République française,Président Emmanuel Macron,14 juillet,"PF, PYF","Polynésienne, Polynésien, Française, Français",216 268
Porto Rico,État libre associé de Porto Rico,Estado Libre Asociado de Puerto Rico,Amériques,Antilles,3 193 694,"-0,01",9 104,"350,80","101,131 ",31 651,"-4,90","79,38","9,70","1,47","8,30","8,07","99,06","Espagnol, Anglais",Dollar des États-Unis,"0,845 / 1",NaN,État libre associé aux États-Unis,Président Donald Trump,4 juillet,"PR, PRI","Portoricaine, Portoricain",3 797 000
Portugal,République portugaise,República Portuguesa,Europe,Union Européenne,10 291 027,"-0,12",92 226,"111,58","237,979 ",23 146,"2,10","81,90","8,30","1,30","10,50","2,90","95,68",Portugais,Euro,"0,850","71,91",République,Président Marcelo Rebelo de Sousa,10 juin,"PT, PRT","Portugaise, Portugais",18 200 000
Pount,Pount,أرض البنط,Afrique,Afrique de l'Est,4 905 246,"3,14",212 510,"23,08","2,348",602,"1,35","55,00","39,60","6,20","13,10","92,00",NaN,"Somali, Arabe",Shilling somali,NaN,NaN,Autonomie,Président Abdiweli Mohamed Ali,1er juillet,",","Pountlander, Somalienne, Somalien",NAN
Qatar,État du Qatar,دولة قطر,Asie,Asie de l'Ouest,2 743 932,"2,83",11 651,"235,51","192,009 ",69 026,"1,40","80,10","11,89","2,03","1,48","6,80","97,30",Arabe,Rial qatari,"0,848","67,80","Émirat, monarchie absolue",Émir Tamim ben Hamad Al Thani,18 décembre,"QA, QAT","Qatarienne, Qatarien",2 256 000
République centrafricaine,République centrafricaine - Centrafrique,Ködörösêse tî Bêafrîka,Afrique,Afrique subsaharienne,5 745 135,"2,14",622 984,"9,22","2,380 ",510,"4,30","52,80","35,80","4,52","14,42","95,04","56,60","Français, sango",Franc CFA,"0,381","36,42",République,Président Faustin-Archange Touadéra,1er décembre,"CF, CAF","Centrafricaine, Centrafricain",121 000
République démocratique du Congo,République démocratique du Congo,République démocratique du Congo  Republiki ya Kongó Demokratíki,Afrique,Afrique subsaharienne,95 784 841,"3,30",2 345 410,"40,84","47,228 ",562,"5,80","60,40","43,69","6,45","13,27","88,62","63,82",Français,Franc congolais,"0,459","30,41","République, régime semi-présidentiel",Président Félix Tshisekedi,30 juin,"CD, COD","Congolaise, Congolais",351 000
République dominicaine,République dominicaine,República Dominicana,Amériques,Antilles,10 266 149,"0,95",48 311,"212,50","81,299 ",7 650,"7,00","73,80","19,78","2,34","6,37","22,90","97,90",Espagnol,Peso dominicain,"0,745","64,71",République,Président Danilo Medina,27 février,"DO, DOM","Dominicaine, Dominicain",6 187 542
Réunion,Réunion,Réunion,Afrique,Afrique de l'Est,859 959,"0,23",2 512,"342,34","19,260 ",22 777,"2,80","80,40","16,80","2,45","5,20","7,10","99,84",Français,Euro,NaN,NaN,Région et département d'outre-mer français,Président Emmanuel Macron,14 juillet,"RE, REU","Réunionnaise, Réunionnais, Française, Français",426 000
Roumanie,Roumanie,România,Europe,Union Européenne,19 524 125,"-0,61",238 391,"81,90","239,553 ",12 301,"4,10","75,90","9,00","1,34","11,90","9,60","98,77",Roumain,Nouveau leu roumain,"0,816","64,78",République parlementaire,Président Klaus Iohannis,1er décembre,"RO, ROU","Roumaine, Roumain",2 760 000
Royaume-Uni,Royaume-Uni de Grande-Bretagne et d'Irlande du Nord,United Kingdom,Europe,Europe,66 465 641,"0,64",242 545,"274,03","2 825,208 ",42 491,"1,40","81,20","12,00","1,83","8,80","3,50","100,00",Anglais,Livre sterling,"0,920","79,89","Monarchie constitutionnelle, régime parlementaire",Reine Élisabeth II  Premier ministre Boris Johnson,"Pas de fête nationale, mais fête de la naissance de la reine, le 21 avril 1926","GB, GBR",Britannique,37 651 000
Russie,Fédération de Russie,Российская Федерация,Europe,Europe,146 716 295,"-0,16",17 125 402,"8,57","1 657,554 ",11 289,"2,30","72,40","12,90","1,70","12,90","6,00","99,72",Russe,Rouble,"0,824","63,79",République fédérale parlementaire. Système présidentiel fort.,Président Vladimir Poutine,12 décembre,"RU, RUS",Russe,24 390 000
Rwanda,République du Rwanda,Repubulika y'u Rwanda,Afrique,Afrique de l'Est,12 089 721,"2,37",26 338,"459,02","9,509 ",773,"8,70","68,70","31,89","4,20","7,05","32,00","85,03","Kinyarwanda, français, anglais",Franc rwandais,"0,536","43,68",République,Président Paul Kagame,1er juillet,"RW, RWA","Rwandaise, Rwandais",932 000
Sahara occidental,République arabe sahraouie démocratique,الجمهورية العربية الصحراوية الديمقراطية,Afrique,Afrique du Nord,654 052,"3,34",266 000,"2,46","1,138 ",2 500,"0,00","63,00","29,80","3,93","8,20","53,30",NaN,"Arabe, Français, Espagnol",Peseta sahraouie,NaN,NaN,République,Président Brahim Ghali,27 février,"EH, ESH","Sahraouie, Sahraoui",NAN
Saint-Barthélemy,Collectivité de Saint-Barthélemy,Saint-Barthélemy,Amériques,Antilles,9 793,"1,75",21,"466,33","0,000",0,"0,00","0,00",NaN,NaN,NaN,NaN,"100,00",Français,Euro,NaN,NaN,Collectivité d'outre-mer de la République française,Président Emmanuel Macron,14 juillet,"BL, BLM","Saint-Barthéléminoise, Saint-Barthéléminois, Française, Français",NAN
Saint-Christophe-et-Niévès,Fédération de Saint-Christophe-et-Niévès,Federation of Saint Kitts and Nevis,Amériques,Antilles,56 345,"0,89",272,"207,15","1,040 ",19 829,"3,00","74,60","13,30","1,78","7,10","8,60","98,70",Anglais,Dollar de la Caraïbe orientale,"0,777",NaN,Monarchie parlementaire fédérative,"Reine Élisabeth II, Gouverneur Général Tapley Seaton",19 septembre,"KN, KNA","Kititienne, Kititien, Christophienne, Christophien",114 000
Saint-Marin,République de Saint-Marin,Repubblica di San Marino,Europe,Europe,33 419,"0,27",61,"547,85","1,633",48 495,"1,50","84,65","8,60","1,50","8,60","2,50","100,00",Italien,Euro,"0,961 / 1",NaN,République parlementaire,Capitaines-régents Luca Santolini et Mirco Tomassoni,3 septembre,"SM, SMR","Saint-Marinaise, Saint-Marinais",78 000
Saint-Martin (France),Saint-Martin,Saint-Martin,Amériques,Antilles,35 746,"0,17",53,"674,45","0,639 ",17 258,"2,30","76,30","21,00","1,81","3,50","8,30","100,00",Français,Euro,"0,702 / 1",NaN,Collectivité d'outre-mer de la France,Président Emmanuel Macron,14 juillet,"MF, MFA","Française, Français, Saint-Martinoise, Saint-Martinois",528 000
Saint-Martin (Pays-Bas),État autonome dépendant du Royaume des Pays-Bas,Sint Maarten,Amériques,Antilles,42 878,"2,85",34,"1 261,12","0,903",22 276,"-8,40","78,10","13,10","2,06","4,10","8,30","100,00","Néerlandais, anglais, français",Florin des Antilles néerlandaises,"0,702 / 1","75,46",Monarchie constitutionnelle,Roi Willem-Alexander,7 novembre,"SX, SXM","Néerlandaise, néerlandais, Saint-Martinoise, Saint-Martinois",402 000
Saint-Pierre-et-Miquelon,Saint-Pierre-et-Miquelon,Saint-Pierre-et-Miquelon,Amériques,Amérique du Nord,6 008,"-0,22",242,"24,83","0,280 ",46 372,"1,60","80,50","7,20","1,57","9,80","6,60","100,00",Français,Euro,"0,788 / 1",NaN,"République parlementaire, collectivité d'outre-mer française",Président Emmanuel Macron,14 juillet,"PM, SPM","Française, Français, Saint-Pierraise, Saint-Pierrais, Miquelonaise, Miquelonais",12 007
Saint-Vincent-et-les-Grenadines,Saint-Vincent-et-les-Grenadines,Saint Vincent and the Grenadines,Amériques,Antilles,110 049,"0,11",384,"286,59","0,813 ",7 378,"2,60","72,40","13,90","1,90","8,00","13,30","99,00","Anglais, Créole",Dollar des Caraïbes orientales,"0,728","66,48",Monarchie parlementaire,Reine Élisabeth II  Gouverneur général Frederick Ballantyne,27 octobre,"VC, VCT","Saint-Vincentaise et Grenadine, Saint-Vincentais et Grenadin",76 000
"Sainte-Hélène, Ascension et Tristan da Cunha","Sainte-Hélène, Ascension et Tristan da Cunha","Saint Helena, Ascension and Tristan da Cunha",Afrique,Afrique Australe,5 705,"0,91",415,"13,75","0,043 ",7 724,"0,00","79,50","9,70","1,58","7,70","13,70","100,00",Anglais,Livre de Sainte-Hélène,"0,797 / 1",NaN,Territoire britannique d'outre-mer,Reine Élisabeth II  Gouverneure Lisa Honan,Second samedi de juin,"SH, SHN","St. Helenian, Ascensionian, Tristanian",2 367
Sainte-Lucie,Sainte-Lucie,Saint Lucia,Amériques,Antilles,178 696,"0,79",603,"296,34","1,876 ",10 315,"0,60","76,10","13,50","1,75","7,60","11,20","90,10",Anglais,Dollar de la Caraïbe orientale,"0,745","56,18",Monarchie constitutionnelle,Reine Élisabeth II  Gouverneur général Neville Cenac,13 décembre,"LC, LCA","Lucienne, Lucien",1 114 756
Salomon,Îles Salomon,Solomon Islands,Océanie,Océanie,667 044,"2,11",28 896,"23,08","1,412 ",2 163,"3,40","72,80","26,33","3,36","3,86","16,17","84,10",Anglais,Dollar des îles Salomon,"0,557","43,22",Monarchie constitutionnelle,Reine Élisabeth II  Gouverneur général Frank Kabui,7 juillet,"SB, SLB","Salomonienne, Salomonien ou Salomonaise, Salomonais",25 709
Salvador,République du Salvador,República de El Salvador,Amériques,Amérique centrale,6 641 842,"0,91",21 041,"315,66","26,057 ",4 058,"2,50","73,10","16,30","1,89","5,70","17,30","97,70",Espagnol,Dollar des États-Unis,"0,667","53,91",République,Président Nayib Bukele,15 septembre,"SV, SLV","Salvadorienne, Salvadorien",1 556 000
Samoa,État indépendant des Samoa,Malo Sa'oloto Tuto'atasi o Samoa,Océanie,Océanie,199 243,"0,83",2 830,"70,40","0,861 ",4 392,"0,70","73,20","31,60","5,10","5,30","15,00","99,16","Samoan, anglais",Tala,"0,707","54,50",République présidentielle,O le Ao o le Malo o Samoa,1er juin,"WS, WSM","Samoane, Samoan",145 769
Samoa américaines,Samoa américaines,American Samoa,Océanie,Océanie,53 790,"-0,25",198,"271,67","0,634",11 399,"-5,38","75,40","22,90","2,87","4,80","8,50","99,00","Anglais, Samoan",Dollar des États-Unis,"0,827 / 1",NaN,Territoire non-incorporé des États-Unis,Président Donald Trump  Gouverneur Lolo Matalasi Moliga,4 juillet,"AS, ASM","Samoane Américaine, Samoan Américain",20 000
Sao Tomé-et-Principe,République démocratique de Sao Tomé-et-Principe,República Democrática de São Tomé e Príncipe,Afrique,Afrique subsaharienne,201 770,"2,06",1 001,"201,57","0,422 ",2 001,"2,70","70,20","26,30","3,00","6,10","34,00","90,10",Portugais,Dobra,"0,609","54,01",République,Président Evaristo Carvalho,12 juillet,"ST, STP","Santoméenne, Santoméen",29 000
Sénégal,République du Sénégal,Sénégal,Afrique,Afrique subsaharienne,16 209 125,"3,07",196 712,"82,40","24,130 ",1 522,"6,80","64,80","37,20","4,70","7,70","51,00","57,67",Français,Franc CFA,"0,505 / 1","49,52","République parlementaire, régime semi-présidentiel",Président Macky Sall,4 avril,"SN, SEN","Sénégalaise, sénégalais",1 007 000
Serbie,République de Serbie,Република Сpбија,Europe,Europe,7 001 444,"-0,55",77 594,"90,23","50,508 ",7 234,"4,30","75,80","9,20","1,46","14,80","4,70","98,50",Serbe,Dinar serbe,"0,799","57,49",République,Président Aleksandar Vučić,15 février,"RS, SRB",Serbe,1 497 173
Seychelles,République des Seychelles,Repiblik Sesel,Afrique,Afrique de l'Est,97 023,"1,23",459,"211,38","1,590 ",16 434,"3,60","73,30","17,40","2,40","7,90","13,40","99,05","Créole seychellois, anglais et français",Roupie seychelloise,"0,801","66,02",République,Président Danny Faure,18 juin,"SC, SYC","Seychelloise, Seychellois",349 861
Sierra Leone,République de Sierra Leone,Republic of Sierra Leone,Afrique,Afrique subsaharienne,7 794 974,"3,20",71 740,"108,66","4,000 ",523,"3,70","54,30","38,70","5,20","14,50","103,00","51,40","Anglais, français parlé",Leone,"0,438","42,54",République,Président Julius Maada Bio,27 avril,"SL, SLE","Sierra-Léonaise, Sierra-Léonais",54 000
Singapour,République de Singapour,新加坡共和国,Asie,Asie du Sud-Est,5 638 679,"0,50",719,"7 842,39","364,157 ",64 582,"3,10","83,50","8,90","1,16","5,00","2,20","100,00","Malais, chinois, tamoul, anglais",Dollar singapourien,"0,935","64,23","République, pouvoir autoritaire",Présidente Halimah Yacob,9 août,"SG, SGP","Singapourienne, Singapourien",17 424 611
Slovaquie,République slovaque,Slovenská republika,Europe,Union Européenne,5 450 421,"0,13",49 034,"111,16","106,472 ",19 547,"4,10","77,40","10,69","1,48","9,91","4,54","100,00",Slovaque,Euro,"0,857","70,60",République parlementaire,Présidente Zuzana Čaputová,1er janvier,"SK, SVK",Slovaque,2 162 384
Slovénie,République de Slovénie,Republika Slovenija,Europe,Union Européenne,2 084 301,"0,82",20 271,"102,82","54,235 ",26 234,"4,50","81,20","9,80","1,62","9,90","2,10","99,70",Slovène,Euro,"0,902","67,57",République parlementaire,Président Borut Pahor,25 juin,"SI, SVN",Slovène,3 586 038
Somalie,République fédérale de Somalie,Jamhuuriyadda Federaalka Soomaaliya,Afrique,Afrique de l'Est,13 611 470,"2,53",637 657,"21,35","7,484 ",499,"-1,50","55,35","43,61","6,46","12,03","132,50","37,80","Somali, arabe",Shilling somali,"0,364 / 1",NaN,République fédérale,Président Mohamed Abdullahi Mohamed,1er juillet,"SO, SOM","Somalienne, Somalien",NAN
Somaliland,République du Somaliland,Jamhuuriyadda Soomaaliland,Afrique,Afrique de l'Est,4 979 218,"3,14",176 119,"28,27","2,573",675,"-1,00","50,40",NaN,"5,40","1,32","76,00","48,00",Somali,Shilling du Somaliland,NaN,NaN,République,Président Muse Bihi Abdi,18 mai,",","Somalilandaise, Somalilandais",NAN
Soudan,République du Soudan,جمهورية السودان  Jumhūriyyat as-Sūdān,Afrique,Afrique de l'Est,41 435 412,"3,42",1 886 068,"21,97","40,852 ",977,"-2,30","65,10","33,05","4,35","7,76","47,60","75,90","Arabe, anglais",Dinar soudanais,"0,507","51,49",République fédérale sous une junte militaire,Président du Conseil de souveraineté Abdel Fattah Abdelrahmane al-Burhan,1er janvier,"SD, SDN","Soudanaise, Soudanais",800 000
Soudan du Sud,République du Soudan du Sud,South Sudan,Afrique,Afrique de l'Est,12 864 588,"4,01",644 329,"19,97","3,618",275,"2,00","55,70","36,91","5,31","8,18","66,39","36,70",Anglais,Livre sud-soudanaise,"0,413",NaN,République fédérale,Président Salva Kiir,9 juillet,"SS, SSD","Sud-Soudanaise, Sud-Soudanais",NAN
Sri Lanka,République démocratique socialiste du Sri Lanka,ශ්‍රී ලංකා ප්‍රජාතාන්ත්‍රික සමාජවාදී ජනරජය,Asie,Asie du Sud,21 803 725,"0,61",65 610,"332,32","88,901 ",4 102,"3,20","76,80","15,10","2,20","6,40","7,60","92,63","Cingalais, tamoul",Roupie srilankaise,"0,780","60,61",République,Président Gotabaya Rajapaksa,4 février,"LK, LKA","Srilankaise, Srilankais",2 116 407
Suède,Royaume de Suède,Konungariket Sverige,Europe,Union Européenne,10 333 456,"0,90",407 311,"25,37","551,032 ",54 112,"2,40","82,70","11,90","1,78","9,20","2,41","100,00",Suédois,Couronne suédoise,"0,937","80,51",Monarchie constitutionnelle,Roi Charles XVI Gustave,6 juin,"SE, SWE","Suédoise, Suédois",6 865 000
Suisse,Confédération suisse,Schweizerische Eidgenossenschaft,Europe,Europe,8 544 527,"0,69",41 285,"206,96","705,501 ",82 839,"2,50","83,60","10,50","1,55","8,20","3,90","100,00","Français, Allemand, Italien, Romanche",Franc suisse,"0,946","87,42",République confédérale,Président Ueli Maurer,1er août,"CH, CHE","Suissesse, Suisse",11 133 000
Suriname,République du Suriname,Republiek Suriname,Amériques,Amérique du Sud,598 190,"1,05",163 821,"3,65","3,427 ",5 950,"2,00","71,60","16,00","1,95","6,10","25,30","99,03",Néerlandais,Dollar surinamien,"0,724","54,20",République,Président Dési Bouterse,25 novembre,"SR, SUR","Surinamienne, Surinamien",278 000
Syrie,République arabe syrienne,الجمهوريّة العربيّة السّوريّة - Al-Jumhūriyyah al-‘Arabīyyah as-Sūriyyah,Asie,Asie de l'Ouest,25 297 296,"2,50",185 180,"136,61","17,131",2 835,"38,60","71,80","21,70","2,55","6,51","15,20","86,43",Arabe,Livre syrienne,"0,549","66,91",République populaire socialiste. Pouvoir dictatorial,Président Bachar el-Assad,17 avril,"SY, SYR","Syrienne, Syrien",3 159 187
Tadjikistan,République du Tadjikistan,Ҷумҳурии Тоҷикистон,Asie,Asie centrale,9 326 275,"2,18",142 627,"65,39","7,523 ",827,"7,30","70,90","28,10","2,71","4,00","33,93","99,77","Tadjik, russe",Somoni,"0,656","47,85",République présidentielle,Président Emomalii Rahmon,9 septembre,"TJ, TJK",Tadjik,414 000
Taïwan,République de Chine,Zhonghuá Mínguó  中華民國,Asie,Asie de l'Est,23 584 865,"0,08",36 197,"651,57","602,680 ",25 534,"2,60","80,20","8,50","1,07","6,70","3,90","100,00",Mandarin,Nouveau dollar de Taïwan,"0,907 / 1","72,84",République semi-présidentielle,Présidente Tsai Ing-wen,10 octobre,"TW, TWN","Taïwanaise, Taïwanais",10 740 000
Tanzanie,République unie de Tanzanie,Jamhuri ya Muungano wa Tanzania,Afrique,Afrique de l'Est,54 199 163,"2,82",945 088,"57,35","57,437 ",1 051,"5,20","65,00","36,00","4,83","7,80","41,20","87,31",Aucune. Kiswahili,Shilling tanzanien,"0,528","50,83",République fédérale,Président John Magufuli,26 avril,"TZ, TZA","Tanzanienne, Tanzanien",1 233 000
Tchad,République du Tchad,Jumhūriyyat Tshād - جمهورية تشاد,Afrique,Afrique subsaharienne,15 162 044,"3,53",1 284 200,"11,81","11,303 ",730,"2,60","54,00","47,90","6,40","13,60","72,00","39,79","Français, arabe",Franc CFA,"0,401","45,34","République. Régime présidentiel fort, proche d'une dictature militaire",Président Idriss Déby,11 août,"TD, TCD","Tchadienne, Tchadien",120 000
Tchéquie,Tchéquie,Česká republika,Europe,Union Européenne,10 681 161,"0,40",78 867,"135,43","244,105 ",22 973,"2,90","79,20","10,40","1,63","10,80","2,80","100,00",Tchèque,Couronne tchèque,"0,891","67,68",République parlementaire,Président Miloš Zeman,28 octobre,"CZ, CZE",Tchèque,10 175 963
Terres australes et antarctiques françaises (TAAF),Terres australes et antarctiques françaises,Terres australes et antarctiques françaises,Antarctique,Antarctique,196,"0,00",439 672,"0,00","0,000 ",0,"0,00","0,00",NaN,NaN,NaN,NaN,"100,00",Français,Euro,NaN,NaN,Territoire d'outre-mer de la République française,Président Emmanuel Macron,14 juillet,"TF, ATF","Française, Français",NAN
Thaïlande,Royaume de Thaïlande,ราชอาณาจักรไทย  Ratcha-anachak Thai,Asie,Asie du Sud-Est,68 863 629,"0,93",513 115,"134,21","504,993 ",7 274,"4,10","76,90","10,79","1,51","7,90","10,50","96,67",Thaï,Baht,"0,765","49,88",Monarchie constitutionnelle,Roi Rama X Maha Vajiralongkorn,5 décembre,"TH, THA","Thaïlandaise, Thaïlandais",35 381 000
Timor oriental,République démocratique du Timor oriental,República Democrática de Timor-Leste,Asie,Asie du Sud-Est,1 261 407,"1,60",14 954,"84,35","2,581 ",2 036,"2,80","69,30","36,02","4,90","9,14","36,30","82,24","Tétoum, Portugais",Dollars des États-Unis,"0,626","49,54",République parlementaire,Président Francisco Guterres,28 novembre,"TL, TLS","Est-Timoraise, Est-Timorais",74 000
Togo,République togolaise,Togo,Afrique,Afrique subsaharienne,7 352 781,"2,42",56 600,"129,91","5,300 ",672,"4,90","60,80","33,30","4,38","6,90","43,70","84,29",Français,Franc CFA,"0,513","41,78",République,Président Faure Gnassingbé,27 avril,"TG, TGO","Togolaise, Togolais",496 000
Tokelau,Tokelau,Tokelau,Océanie,Océanie,1 556,"1,25",10,"155,60","0,010 ",6 275,"17,28","69,00","19,40","3,80","7,00","31,00","96,75","Anglais, Tokelauan",Dollar néo-zélandais,"0,750 / 1",NaN,"Monarchie, Territoire dépendant du Royaume de Nouvelle-Zélande",Reine Élisabeth II,6 février,"TK, TKL","Tokelauienne, Tokelauien, ou Tokelauane, Tokelauan",NAN
Tonga,Royaume de Tonga,Pule'anga Fakatu'i 'o Tonga,Océanie,Océanie,98 659,"-0,70",749,"131,72","0,450 ",4 364,"0,30","70,80","22,20","3,10","4,90","11,60","99,44","Tongien, anglais",Pa'anga,"0,717","62,49",Monarchie constitutionnelle,Roi Tupou VI,4 juin,"TO, TON","Tongienne, Tongien",62 000
Transnistrie,République moldave du Dniestr,Република Молдовеняскэ Нистрянэ,Europe,Europe,503 640,"-0,10",4 163,"120,98","1,000 ",2 000,"0,00","0,00",NaN,NaN,NaN,NaN,NaN,"Moldave, Russe, Ukrainien",Rouble de Transnistrie,"0,700 / 1",NaN,République,Président Vadim Krasnoselsky,,",","Transnistrienne, Transnistrien",NAN
Trinité-et-Tobago,République de Trinité-et-Tobago,Republic of Trinidad and Tobago,Amériques,Antilles,1 359 193,"0,00",5 155,"263,66","23,410 ",16 844,"0,70","73,40","12,83","1,71","8,23","23,00","99,00",Anglais,Dollar de Trinidad-et-Tobago,"0,799","67,36",République,Présidente Paula-Mae Weekes,31 août,"TT, TTO","Trinidadienne, Trinidadien",395 000
Tunisie,République tunisienne,al-Jumhūrīyah at-Tūnisīyah - الجمهورية التونسية,Afrique,Afrique du Nord,11 582 075,"1,25",162 155,"71,43","39,861 ",3 447,"2,50","76,50","20,00","2,30","5,90","15,30","97,39","Arabe, Français",Dinar tunisien,"0,739","62,35",République,Président Kaïs Saïed,20 mars,"TN, TUN","Tunisienne, Tunisien",7 052 000
Turkménistan,République du Turkménistan,Türkmenistan Respublikasy,Asie,Asie centrale,8 481 200,"1,71",491 210,"17,27","40,761 ",6 967,"6,20","68,10","19,61","2,19","6,27","43,84","99,50","Turkmène, Russe",Manat turkmène,"0,710","66,10",République à parti unique,Président Gurbanguly Berdimuhamedow,27 octobre,"TM, TKM",Turkmène,NAN
Turques-et-Caïques,Îles Turques-et-Caïques,Turques-et-Caïques,Amériques,Antilles,43 013,"3,97",948,"45,37","1,022 ",27 142,"5,30","79,80","12,40","1,77","2,16","2,00","100,00",Anglais,Dollar des États-Unis,"0,873 / 1",NaN,Territoire d'outre-mer du Royaume-Uni,Reine Élisabeth II  Gouverneur John Freeman,30 août,"TC, TCA",Turques-et-Caïques Insulaire,416 434
Turquie,République de Turquie,Türkiye Cumhuriyeti,Asie,Asie de l'Ouest,82 003 882,"1,47",783 562,"104,66","766,509 ",9 311,"2,60","77,40","16,90","2,14","4,90","10,80","99,48",Turc,Livre turque,"0,806","52,96",République,Président Recep Tayyip Erdoğan,29 octobre,"TR, TUR","Turque, Turc",45 628 673
Tuvalu,État des Tuvalu,Tuvalu,Océanie,Océanie,9 605,"-1,69",26,"374,76","0,043 ",3 701,"2,50","67,20","23,70","2,93","8,40","28,20","99,00","Tuvaluan, anglais",Dollar tuvaluan,"0,711 / 1",NaN,Monarchie constitutionnelle,Reine Élisabeth II  Gouverneur général Iakoba Italeli,1er octobre,"TV, TUV",Tuvaluan,2 000
Ukraine,Ukraine,Україна,Europe,Europe,42 220 824,"-0,86",576 468,"73,24","130,832 ",3 095,"3,30","72,00","10,70","1,51","14,90","7,90","99,76",Ukrainien,Hryvnia,"0,750","52,87",République,Président Volodymyr Zelensky,24 août,"UA, UKR","Ukrainienne, Ukrainien",14 230 000
Uruguay,République orientale de l'Uruguay,República Oriental del Uruguay,Amériques,Amérique du Sud,3 530 912,"0,37",175 016,"20,17","59,597 ",17 278,"1,60","77,80","13,10","1,81","9,44","7,50","98,49",Espagnol,Peso uruguayen,"0,808","64,65",République,Président Luis Alberto Lacalle Pou,25 août,"UY, URY","Uruguayenne, Uruguayen",3 674 000
Vanuatu,République de Vanuatu,Ripablik blong Vanuatu,Océanie,Océanie,285 359,"2,34",12 281,"23,24","0,888 ",3 033,"3,20","70,30","32,50","4,20","6,00","28,00","85,23","Bichelamar, Français, Anglais",Vatu,"0,597","44,55",République,Président Tallis Obed Moses,30 juillet,"VU, VUT","Ni-Vanuatu, Vanuataise, Vanuatais",109 108
Vatican,État de la Cité du Vatican,Stato della Città del Vaticano,Europe,Europe,804,"-0,80",1,"1 827,27","0,315 ",391 791,"0,00","77,50",NaN,NaN,NaN,NaN,"100,00","Latin, italien, français, allemand",Euro,NaN,NaN,Monarchie absolue,Pape François,19 mars,"VA, VAT","Vaticane, Vatican",3 200 000
Venezuela,République bolivarienne du Venezuela,República Bolivariana de Venezuela,Amériques,Amérique du Sud,31 828 110,"1,26",916 445,"34,73","178,036 ",5 594,"-18,00","72,10","19,16","2,32","5,31","18,91","96,32",Espagnol,Bolívar fuerte,"0,726","63,89",République fédérale,Président Nicolás Maduro,5 juillet,"VE, VEN","Vénézuélienne, Vénézuélien",601 000
Viêt Nam,République socialiste du Viêt Nam,Cộng hoà Xã hội Chủ nghĩa Việt Nam,Asie,Asie du Sud-Est,97 709 844,"1,56",331 236,"294,99","244,948 ",2 564,"7,10","73,30","15,96","2,09","5,93","18,39","94,51",Vietnamien,Đồng,"0,693","46,96","République, État communiste à parti unique",Président Nguyễn Phú Trọng,2 septembre,"VN, VNM","Vietnamienne, Vietnamien",12 922 000
Wallis-et-Futuna,Territoire de Wallis-et-Futuna,Wallis-et-Futuna,Océanie,Océanie,11 558,"-1,11",142,"81,39","0,188 ",12 640,"0,00","75,80","14,20","2,10","5,70","4,55","100,00",Français,Franc Pacifique,"0,763 / 1",NaN,Collectivité d'outre-mer de la France,Président Emmanuel Macron,14 juillet,"WF, WLF","Wallisienne, Wallisien, Futunienne, Futunien, Française, Français",NAN
Yémen,République du Yémen,الجمهورية اليمنية  Al-Jumhuriyah al-Yamaniyah,Asie,Asie de l'Ouest,34 232 322,"2,60",527 968,"64,84","26,914 ",944,"-2,70","65,50","28,40","3,63","6,00","47,40","70,07",Arabe,Rial yéménite,"0,463","49,79",République,Président Abd Rabbo Mansour Hadi,12 mai,"YE, YEM",Yéménite,367 000
Zambie,République de Zambie,Republic of Zambia,Afrique,Afrique Australe,16 887 720,"2,94",770 243,"21,93","26,720 ",1 540,"3,80","54,60","41,60","5,50","12,60","72,40","88,71",Anglais,Kwacha zambien,"0,591","50,97",République,Président Edgar Lungu,24 octobre,"ZM, ZMB","Zambienne, Zambien",956 000
Zimbabwé,République du Zimbabwé,Republic of Zimbabwe,Afrique,Afrique Australe,14 025 965,"1,60",390 757,"35,89","31,001 ",2 147,"6,20","58,00","34,20","3,98","10,20","25,90","90,43",Anglais,Dollar des États-Unis,"0,563","43,41",République parlementaire. Pouvoir présidentiel fort. Dictature de facto,Président Emmerson Mnangagwa,18 avril,"ZW, ZWE","Zimbabwéenne, Zimbabwéen",2 423 000
